date,kg,
2023/1/1,,
2023/1/2,74.0 ,17.6 
2023/1/3,73.5 ,17.8 
2023/1/4,72.9 ,17.8 
2023/1/5,73.1 ,17.2 
2023/1/6,73.1 ,17.8 
2023/1/7,72.7 ,16.2 
2023/1/8,73.3 ,17.5 
2023/1/9,73.4 ,16.8 
2023/1/10,73.2 ,16.8 
2023/1/11,73.2 ,17.5 
2023/1/12,72.9 ,17.5 
2023/1/13,73.5 ,16.5 
2023/1/14,73.4 ,17.4 
2023/1/15,73.1 ,17.1 
2023/1/16,72.8 ,16.6 
2023/1/17,72.5 ,16.9 
2023/1/18,73.0 ,16.2 
2023/1/19,72.4 ,17.8 
2023/1/20,72.2 ,16.6 
2023/1/21,71.8 ,17.5 
2023/1/22,72.1 ,16.8 
2023/1/23,73.2 ,17.0 
2023/1/24,73.6 ,17.0 
2023/1/25,73.3 ,17.8 
2023/1/26,73.0 ,17.4 
2023/1/27,72.9 ,17.1 
2023/1/28,73.2 ,18.7 
2023/1/29,73.0 ,18.1 
2023/1/30,73.2 ,17.5 
2023/1/31,72.9 ,17.4 
2023/2/1,72.8 ,17.0 
2023/2/2,73.0 ,16.2 
2023/2/3,72.4 ,16.5 
2023/2/4,72.7 ,16.6 
2023/2/5,72.9 ,17.0 
2023/2/6,72.7 ,17.0 
2023/2/7,72.8 ,17.2 
2023/2/8,73.0 ,16.8 
2023/2/9,73.2 ,17.8 
2023/2/10,72.6 ,17.0 
2023/2/11,72.8 ,18.8 
2023/2/12,73.0 ,17.2 
2023/2/13,73.5 ,17.8 
2023/2/14,72.9 ,17.2 
2023/2/15,73.1 ,17.7 
2023/2/16,73.1 ,17.5 
2023/2/17,73.0 ,17.2 
2023/2/18,72.2 ,15.3 
2023/2/19,72.1 ,17.0 
2023/2/20,72.7 ,16.0 
2023/2/21,72.7 ,17.8 
2023/2/22,72.8 ,17.2 
2023/2/23,73.3 ,17.6 
2023/2/24,74.0 ,17.6 
2023/2/25,73.1 ,19.6 
2023/2/26,73.2 ,17.8 
2023/2/27,73.3 ,17.0 
2023/2/28,73.4 ,17.2 
2023/3/1,73.1 ,16.2 
2023/3/2,73.2 ,16.1 
2023/3/3,73.3 ,17.1 
2023/3/4,73.6 ,17.8 
2023/3/5,73.5 ,17.0 
2023/3/6,73.8 ,17.0 
2023/3/7,73.6 ,17.4 
2023/3/8,73.2 ,17.8 
2023/3/9,73.6 ,17.2 
2023/3/10,73.4 ,17.8 
2023/3/11,72.8 ,16.5 
2023/3/12,73.0 ,17.7 
2023/3/13,74.0 ,17.2 
2023/3/14,74.2 ,17.9 
2023/3/15,74.2 ,18.0 
2023/3/16,73.5 ,17.2 
2023/3/17,73.1 ,17.2 
2023/3/18,,
2023/3/19,,
2023/3/20,73.4 ,16.2 
2023/3/21,73.5 ,16.0 
2023/3/22,74.3 ,15.2 
2023/3/23,74.4 ,17.6 
2023/3/24,74.1 ,16.9 
2023/3/25,73.8 ,17.0 
2023/3/26,73.5 ,17.5 
2023/3/27,74.7 ,17.5 
2023/3/28,74.6 ,17.8 
2023/3/29,74.3 ,17.8 
2023/3/30,73.9 ,18.2 
2023/3/31,73.9 ,17.8 
2023/4/1,74.1 ,17.5 
2023/4/2,74.4 ,17.5 
2023/4/3,74.3 ,16.5 
2023/4/4,74.3 ,16.5 
2023/4/5,73.8 ,16.8 
2023/4/6,73.6 ,17.5 
2023/4/7,74.2 ,17.5 
2023/4/8,73.8 ,17.6 
2023/4/9,74.4 ,18.5 
2023/4/10,73.9 ,17.9 
2023/4/11,74.0 ,18.3 
2023/4/12,73.9 ,18.4 
2023/4/13,74.2 ,18.4 
2023/4/14,74.2 ,17.1 
2023/4/15,74.3 ,17.1 
2023/4/16,74.1 ,18.8 
2023/4/17,74.0 ,17.1 
2023/4/18,74.0 ,17.2 
2023/4/19,73.7 ,17.4 
2023/4/20,74.1 ,17.1 
2023/4/21,74.1 ,16.5 
2023/4/22,,
2023/4/23,,
2023/4/24,74.4 ,16.0 
2023/4/25,74.1 ,16.5 
2023/4/26,73.8 ,17.5 
2023/4/27,73.5 ,17.4 
2023/4/28,73.2 ,17.0 
2023/4/29,,
2023/4/30,74.2 ,17.8 
2023/5/1,73.9 ,16.8 
2023/5/2,73.5 ,16.5 
2023/5/3,73.8 ,16.8 
2023/5/4,,
2023/5/5,,
2023/5/6,73.5 ,16.0 
2023/5/7,73.7 ,16.7 
2023/5/8,74.3 ,16.2 
2023/5/9,74.5 ,18.0 
2023/5/10,74.5 ,18.6 
2023/5/11,74.3 ,17.6 
2023/5/12,74.2 ,16.5 
2023/5/13,73.7 ,18.6 
2023/5/14,73.4 ,16.6 
2023/5/15,73.5 ,16.5 
2023/5/16,73.4 ,16.7 
2023/5/17,73.6 ,17.5 
2023/5/18,73.4 ,17.6 
2023/5/19,73.4 ,15.9 
2023/5/20,73.3 ,16.2 
2023/5/21,73.2 ,16.5 
2023/5/22,72.4 ,16.1 
2023/5/23,,
2023/5/24,,
2023/5/25,,
2023/5/26,,
2023/5/27,,
2023/5/28,,
2023/5/29,,
2023/5/30,,
2023/5/31,,
2023/6/1,,
2023/6/2,,
2023/6/3,,
2023/6/4,,
2023/6/5,,
2023/6/6,,
2023/6/7,,
2023/6/8,,
2023/6/9,,
2023/6/10,,
2023/6/11,,
2023/6/12,,
2023/6/13,,
2023/6/14,,
2023/6/15,,
2023/6/16,,
2023/6/17,,
2023/6/18,,
2023/6/19,,
2023/6/20,,
2023/6/21,,
2023/6/22,,
2023/6/23,,
2023/6/24,,
2023/6/25,,
2023/6/26,,
2023/6/27,,
2023/6/28,,
2023/6/29,,
2023/6/30,,
2023/7/1,,
2023/7/2,,
2023/7/3,,
2023/7/4,,
2023/7/5,,
2023/7/6,,
2023/7/7,,
2023/7/8,,
2023/7/9,,
2023/7/10,,
2023/7/11,,
2023/7/12,,
2023/7/13,,
2023/7/14,,
2023/7/15,,
2023/7/16,,
2023/7/17,,
2023/7/18,,
2023/7/19,,
2023/7/20,,
2023/7/21,,
2023/7/22,,
2023/7/23,,
2023/7/24,,
2023/7/25,,
2023/7/26,,
2023/7/27,,
2023/7/28,,
2023/7/29,,
2023/7/30,,
2023/7/31,,
2023/8/1,,
2023/8/2,,
2023/8/3,,
2023/8/4,,
2023/8/5,,
2023/8/6,,
2023/8/7,,
2023/8/8,,
2023/8/9,,
2023/8/10,,
2023/8/11,,
2023/8/12,,
2023/8/13,,
2023/8/14,,
2023/8/15,,
2023/8/16,,
2023/8/17,,
2023/8/18,,
2023/8/19,,
2023/8/20,,
2023/8/21,,
2023/8/22,,
2023/8/23,,
2023/8/24,,
2023/8/25,,
2023/8/26,,
2023/8/27,,
2023/8/28,,
2023/8/29,,
2023/8/30,,
2023/8/31,,
2023/9/1,,
2023/9/2,,
2023/9/3,,
2023/9/4,,
2023/9/5,,
2023/9/6,,
2023/9/7,,
2023/9/8,,
2023/9/9,,
2023/9/10,,
2023/9/11,,
2023/9/12,,
2023/9/13,,
2023/9/14,,
2023/9/15,,
2023/9/16,,
2023/9/17,,
2023/9/18,,
2023/9/19,,
2023/9/20,,
2023/9/21,,
2023/9/22,,
2023/9/23,,
2023/9/24,,
2023/9/25,,
2023/9/26,,
2023/9/27,,
2023/9/28,,
2023/9/29,,
2023/9/30,,
2023/10/1,,
2023/10/2,,
2023/10/3,,
2023/10/4,,
2023/10/5,,
2023/10/6,,
2023/10/7,,
2023/10/8,,
2023/10/9,,
2023/10/10,,
2023/10/11,,
2023/10/12,,
2023/10/13,,
2023/10/14,,
2023/10/15,,
2023/10/16,,
2023/10/17,,
2023/10/18,,
2023/10/19,,
2023/10/20,,
2023/10/21,,
2023/10/22,,
2023/10/23,,
2023/10/24,,
2023/10/25,,
2023/10/26,,
2023/10/27,,
2023/10/28,,
2023/10/29,,
2023/10/30,,
2023/10/31,,
2023/11/1,,
2023/11/2,,
2023/11/3,,
2023/11/4,,
2023/11/5,,
2023/11/6,,
2023/11/7,,
2023/11/8,,
2023/11/9,,
2023/11/10,,
2023/11/11,,
2023/11/12,,
2023/11/13,,
2023/11/14,,
2023/11/15,,
2023/11/16,,
2023/11/17,,
2023/11/18,,
2023/11/19,,
2023/11/20,,
2023/11/21,,
2023/11/22,,
2023/11/23,,
2023/11/24,,
2023/11/25,,
2023/11/26,,
2023/11/27,,
2023/11/28,,
2023/11/29,,
2023/11/30,,
2023/12/1,,
2023/12/2,,
2023/12/3,,
2023/12/4,,
2023/12/5,,
2023/12/6,,
2023/12/7,,
2023/12/8,,
2023/12/9,,
2023/12/10,,
2023/12/11,,
2023/12/12,,
2023/12/13,,
2023/12/14,,
2023/12/15,,
2023/12/16,,
2023/12/17,,
2023/12/18,,
2023/12/19,,
2023/12/20,,
2023/12/21,,
2023/12/22,,
2023/12/23,,
2023/12/24,,
2023/12/25,,
2023/12/26,,
2023/12/27,,
2023/12/28,,
2023/12/29,,
2023/12/30,,
2023/12/31,,
2022/1/1,,
2022/1/2,74.0 ,18.4 
2022/1/3,73.0 ,18.4 
2022/1/4,73.7 ,17.9 
2022/1/5,73.9 ,18.0 
2022/1/6,,
2022/1/7,,
2022/1/8,,
2022/1/9,,
2022/1/10,74.4 ,18.5 
2022/1/11,75.1 ,19.8 
2022/1/12,74.7 ,18.6 
2022/1/13,75.0 ,18.9 
2022/1/14,74.5 ,19.8 
2022/1/15,74.8 ,18.6 
2022/1/16,74.8 ,20.0 
2022/1/17,74.7 ,18.6 
2022/1/18,74.6 ,18.8 
2022/1/19,74.6 ,18.6 
2022/1/20,75.0 ,18.0 
2022/1/21,75.1 ,18.3 
2022/1/22,75.0 ,18.8 
2022/1/23,75.3 ,18.6 
2022/1/24,75.9 ,18.3 
2022/1/25,75.2 ,18.7 
2022/1/26,75.2 ,18.9 
2022/1/27,74.9 ,18.1 
2022/1/28,74.7 ,18.8 
2022/1/29,74.7 ,19.2 
2022/1/30,74.7 ,17.8 
2022/1/31,74.9 ,18.7 
2022/2/1,74.6 ,18.3 
2022/2/2,74.9 ,19.1 
2022/2/3,74.7 ,19.0 
2022/2/4,74.7 ,19.3 
2022/2/5,74.6 ,18.7 
2022/2/6,74.8 ,19.3 
2022/2/7,75.2 ,19.7 
2022/2/8,74.8 ,19.1 
2022/2/9,75.0 ,18.8 
2022/2/10,75.2 ,19.6 
2022/2/11,75.1 ,19.3 
2022/2/12,74.8 ,17.7 
2022/2/13,75.8 ,19.5 
2022/2/14,75.8 ,18.9 
2022/2/15,75.0 ,18.0 
2022/2/16,74.9 ,19.1 
2022/2/17,75.1 ,19.9 
2022/2/18,74.9 ,19.1 
2022/2/19,74.9 ,19.3 
2022/2/20,75.3 ,18.5 
2022/2/21,75.7 ,19.0 
2022/2/22,75.0 ,18.5 
2022/2/23,74.5 ,18.5 
2022/2/24,74.6 ,19.5 
2022/2/25,74.5 ,18.3 
2022/2/26,74.6 ,18.8 
2022/2/27,74.3 ,19.0 
2022/2/28,74.9 ,18.8 
2022/3/1,75.2 ,18.9 
2022/3/2,74.5 ,19.3 
2022/3/3,75.2 ,18.1 
2022/3/4,75.2 ,18.5 
2022/3/5,74.9 ,19.3 
2022/3/6,74.9 ,19.3 
2022/3/7,75.8 ,17.8 
2022/3/8,75.5 ,18.5 
2022/3/9,74.9 ,19.7 
2022/3/10,75.4 ,18.5 
2022/3/11,75.4 ,19.6 
2022/3/12,,
2022/3/13,,
2022/3/14,75.3 ,18.4 
2022/3/15,75.1 ,18.9 
2022/3/16,74.8 ,18.1 
2022/3/17,74.7 ,18.9 
2022/3/18,74.9 ,18.4 
2022/3/19,74.5 ,18.7 
2022/3/20,74.8 ,18.4 
2022/3/21,74.5 ,19.0 
2022/3/22,74.8 ,18.5 
2022/3/23,74.3 ,19.1 
2022/3/24,75.3 ,19.0 
2022/3/25,75.4 ,19.1 
2022/3/26,74.4 ,17.9 
2022/3/27,,
2022/3/28,,
2022/3/29,75.7 ,19.0 
2022/3/30,74.4 ,19.4 
2022/3/31,75.0 ,19.0 
2022/4/1,75.2 ,19.0 
2022/4/2,74.8 ,19.0 
2022/4/3,75.1 ,19.0 
2022/4/4,75.4 ,19.4 
2022/4/5,74.8 ,20.1 
2022/4/6,75.3 ,18.7 
2022/4/7,75.5 ,19.4 
2022/4/8,75.6 ,19.0 
2022/4/9,74.8 ,19.6 
2022/4/10,,
2022/4/11,76.0 ,19.1 
2022/4/12,75.3 ,20.2 
2022/4/13,75.1 ,20.1 
2022/4/14,75.2 ,19.4 
2022/4/15,75.1 ,19.2 
2022/4/16,74.8 ,18.4 
2022/4/17,75.0 ,19.2 
2022/4/18,75.0 ,19.7 
2022/4/19,74.4 ,19.4 
2022/4/20,74.8 ,18.4 
2022/4/21,75.2 ,19.4 
2022/4/22,74.8 ,18.5 
2022/4/23,74.3 ,19.4 
2022/4/24,74.4 ,18.0 
2022/4/25,75.4 ,17.9 
2022/4/26,74.7 ,18.4 
2022/4/27,74.3 ,19.4 
2022/4/28,74.2 ,18.8 
2022/4/29,74.9 ,18.2 
2022/4/30,75.4 ,19.9 
2022/5/1,,
2022/5/2,74.8 ,18.4 
2022/5/3,75.5 ,19.4 
2022/5/4,,
2022/5/5,,
2022/5/6,76.5 ,19.5 
2022/5/7,76.0 ,19.8 
2022/5/8,76.1 ,19.3 
2022/5/9,76.1 ,20.3 
2022/5/10,76.2 ,19.8 
2022/5/11,75.8 ,19.3 
2022/5/12,75.5 ,19.3 
2022/5/13,75.5 ,18.5 
2022/5/14,75.1 ,18.5 
2022/5/15,75.2 ,16.7 
2022/5/16,75.7 ,18.5 
2022/5/17,75.5 ,19.1 
2022/5/18,75.5 ,19.2 
2022/5/19,75.2 ,19.9 
2022/5/20,75.0 ,18.3 
2022/5/21,75.0 ,19.0 
2022/5/22,74.5 ,17.6 
2022/5/23,75.5 ,18.7 
2022/5/24,75.6 ,16.8 
2022/5/25,75.5 ,17.9 
2022/5/26,75.1 ,18.0 
2022/5/27,75.7 ,18.0 
2022/5/28,74.5 ,17.0 
2022/5/29,74.9 ,18.0 
2022/5/30,75.6 ,18.1 
2022/5/31,75.5 ,19.6 
2022/6/1,75.4 ,18.8 
2022/6/2,75.1 ,18.8 
2022/6/3,75.0 ,19.7 
2022/6/4,75.0 ,17.9 
2022/6/5,75.1 ,6.8 
2022/6/6,75.6 ,18.7 
2022/6/7,75.5 ,20.2 
2022/6/8,75.3 ,19.7 
2022/6/9,75.1 ,19.7 
2022/6/10,74.6 ,18.7 
2022/6/11,74.9 ,18.0 
2022/6/12,74.4 ,16.9 
2022/6/13,75.5 ,18.5 
2022/6/14,76.1 ,19.5 
2022/6/15,75.1 ,18.5 
2022/6/16,75.2 ,19.5 
2022/6/17,75.3 ,18.6 
2022/6/18,75.1 ,19.5 
2022/6/19,75.6 ,19.5 
2022/6/20,76.3 ,18.6 
2022/6/21,75.9 ,18.7 
2022/6/22,75.3 ,18.7 
2022/6/23,,
2022/6/24,75.5 ,18.7 
2022/6/25,75.1 ,19.0 
2022/6/26,74.9 ,17.6 
2022/6/27,76.2 ,17.8 
2022/6/28,75.9 ,18.4 
2022/6/29,75.8 ,19.1 
2022/6/30,75.5 ,19.4 
2022/7/1,75.8 ,19.6 
2022/7/2,75.1 ,18.8 
2022/7/3,74.5 ,17.2 
2022/7/4,75.9 ,18.3 
2022/7/5,76.3 ,19.1 
2022/7/6,76.1 ,18.3 
2022/7/7,75.5 ,19.3 
2022/7/8,75.3 ,18.3 
2022/7/9,74.8 ,18.8 
2022/7/10,75.2 ,18.8 
2022/7/11,75.4 ,19.0 
2022/7/12,75.2 ,20.1 
2022/7/13,74.6 ,18.1 
2022/7/14,75.3 ,19.1 
2022/7/15,75.4 ,19.1 
2022/7/16,75.3 ,19.1 
2022/7/17,75.4 ,19.1 
2022/7/18,75.5 ,19.1 
2022/7/19,76.0 ,18.5 
2022/7/20,75.5 ,19.6 
2022/7/21,74.9 ,19.5 
2022/7/22,74.9 ,19.0 
2022/7/23,74.9 ,18.5 
2022/7/24,75.3 ,19.0 
2022/7/25,75.2 ,18.3 
2022/7/26,75.7 ,18.9 
2022/7/27,75.2 ,19.0 
2022/7/28,74.9 ,18.8 
2022/7/29,75.5 ,18.8 
2022/7/30,75.6 ,19.2 
2022/7/31,75.6 ,19.4 
2022/8/1,76.0 ,19.9 
2022/8/2,75.6 ,19.0 
2022/8/3,76.0 ,20.4 
2022/8/4,75.4 ,19.5 
2022/8/5,75.2 ,18.5 
2022/8/6,75.8 ,19.3 
2022/8/7,76.4 ,19.0 
2022/8/8,76.0 ,19.6 
2022/8/9,75.6 ,19.4 
2022/8/10,,
2022/8/11,75.5 ,19.5 
2022/8/12,76.0 ,19.5 
2022/8/13,75.9 ,18.5 
2022/8/14,76.5 ,18.5 
2022/8/15,,
2022/8/16,76.0 ,19.3 
2022/8/17,76.0 ,18.6 
2022/8/18,75.8 ,18.5 
2022/8/19,75.9 ,19.6 
2022/8/20,76.0 ,19.0 
2022/8/21,75.9 ,18.7 
2022/8/22,75.8 ,18.6 
2022/8/23,75.8 ,18.2 
2022/8/24,75.7 ,18.2 
2022/8/25,75.6 ,19.0 
2022/8/26,75.9 ,18.5 
2022/8/27,75.7 ,16.3 
2022/8/28,75.9 ,18.5 
2022/8/29,76.1 ,19.5 
2022/8/30,75.5 ,19.2 
2022/8/31,75.8 ,19.0 
2022/9/1,76.1 ,19.0 
2022/9/2,76.1 ,19.1 
2022/9/3,75.1 ,20.0 
2022/9/4,75.7 ,17.5 
2022/9/5,76.2 ,19.2 
2022/9/6,75.9 ,19.2 
2022/9/7,76.0 ,19.2 
2022/9/8,,
2022/9/9,75.7 ,20.2 
2022/9/10,75.4 ,19.6 
2022/9/11,75.2 ,18.2 
2022/9/12,76.2 ,19.5 
2022/9/13,76.3 ,20.2 
2022/9/14,75.6 ,18.8 
2022/9/15,75.6 ,19.5 
2022/9/16,75.4 ,19.8 
2022/9/17,76.0 ,19.1 
2022/9/18,75.7 ,18.8 
2022/9/19,76.3 ,18.8 
2022/9/20,76.7 ,20.2 
2022/9/21,76.0 ,20.7 
2022/9/22,76.2 ,20.2 
2022/9/23,75.5 ,18.5 
2022/9/24,76.0 ,18.8 
2022/9/25,76.2 ,19.2 
2022/9/26,75.8 ,19.3 
2022/9/27,76.2 ,19.7 
2022/9/28,76.2 ,20.4 
2022/9/29,76.1 ,19.8 
2022/9/30,76.0 ,19.6 
2022/10/1,75.5 ,19.4 
2022/10/2,75.8 ,19.2 
2022/10/3,76.2 ,19.0 
2022/10/4,76.3 ,19.2 
2022/10/5,,
2022/10/6,75.8 ,19.8 
2022/10/7,75.5 ,20.1 
2022/10/8,75.6 ,20.2 
2022/10/9,75.6 ,19.5 
2022/10/10,75.9 ,20.6 
2022/10/11,,
2022/10/12,,
2022/10/13,,
2022/10/14,,
2022/10/15,,
2022/10/16,76.5 ,18.4 
2022/10/17,76.7 ,17.8 
2022/10/18,76.8 ,17.8 
2022/10/19,76.4 ,18.2 
2022/10/20,76.2 ,18.7 
2022/10/21,76.3 ,18.4 
2022/10/22,75.9 ,17.9 
2022/10/23,,
2022/10/24,76.4 ,18.4 
2022/10/25,76.3 ,19.4 
2022/10/26,76.6 ,18.4 
2022/10/27,76.1 ,18.4 
2022/10/28,75.7 ,19.1 
2022/10/29,75.8 ,18.8 
2022/10/30,76.2 ,18.8 
2022/10/31,76.4 ,18.8 
2022/11/1,76.3 ,19.2 
2022/11/2,75.5 ,18.9 
2022/11/3,75.2 ,18.1 
2022/11/4,75.9 ,17.1 
2022/11/5,75.8 ,18.1 
2022/11/6,76.2 ,18.1 
2022/11/7,76.9 ,18.4 
2022/11/8,75.7 ,20.0 
2022/11/9,76.2 ,19.1 
2022/11/10,75.9 ,19.0 
2022/11/11,76.2 ,19.8 
2022/11/12,76.0 ,19.5 
2022/11/13,76.3 ,19.0 
2022/11/14,76.5 ,19.5 
2022/11/15,75.5 ,19.1 
2022/11/16,75.4 ,19.0 
2022/11/17,75.5 ,19.5 
2022/11/18,75.3 ,18.5 
2022/11/19,75.1 ,19.4 
2022/11/20,75.2 ,17.4 
2022/11/21,75.8 ,18.5 
2022/11/22,75.9 ,19.5 
2022/11/23,75.9 ,18.5 
2022/11/24,76.2 ,18.7 
2022/11/25,75.5 ,19.1 
2022/11/26,75.1 ,18.9 
2022/11/27,74.9 ,18.9 
2022/11/28,75.4 ,17.9 
2022/11/29,75.6 ,19.1 
2022/11/30,75.0 ,18.7 
2022/12/1,74.3 ,18.7 
2022/12/2,74.3 ,18.5 
2022/12/3,73.9 ,18.6 
2022/12/4,73.4 ,16.9 
2022/12/5,73.5 ,17.2 
2022/12/6,73.9 ,18.1 
2022/12/7,73.8 ,18.6 
2022/12/8,73.3 ,18.5 
2022/12/9,73.5 ,17.5 
2022/12/10,73.6 ,18.4 
2022/12/11,73.7 ,17.3 
2022/12/12,73.5 ,17.5 
2022/12/13,73.3 ,17.9 
2022/12/14,73.8 ,17.5 
2022/12/15,73.3 ,18.3 
2022/12/16,73.0 ,17.5 
2022/12/17,72.9 ,18.8 
2022/12/18,72.9 ,19.3 
2022/12/19,73.3 ,17.3 
2022/12/20,73.3 ,17.5 
2022/12/21,73.1 ,17.9 
2022/12/22,73.2 ,17.8 
2022/12/23,72.9 ,17.0 
2022/12/24,72.6 ,17.5 
2022/12/25,72.3 ,16.8 
2022/12/26,72.9 ,16.2 
2022/12/27,73.3 ,17.8 
2022/12/28,72.6 ,17.2 
2022/12/29,73.0 ,16.9 
2022/12/30,73.4 ,16.2 
2022/12/31,,
2021/1/1,70.00 ,15.3 
2021/1/2,69.90 ,15.7 
2021/1/3,,
2021/1/4,,
2021/1/5,71.20 ,15.9 
2021/1/6,70.80 ,15.4 
2021/1/7,71.20 ,16.1 
2021/1/8,70.80 ,15.1 
2021/1/9,70.20 ,15.0 
2021/1/10,70.00 ,16.9 
2021/1/11,70.60 ,17.3 
2021/1/12,71.20 ,14.8 
2021/1/13,70.70 ,16.0 
2021/1/14,70.50 ,15.1 
2021/1/15,,
2021/1/16,70.90 ,15.4 
2021/1/17,71.40 ,16.5 
2021/1/18,71.20 ,16.0 
2021/1/19,70.50 ,16.2 
2021/1/20,71.30 ,16.5 
2021/1/21,71.70 ,16.4 
2021/1/22,71.60 ,15.5 
2021/1/23,71.60 ,15.4 
2021/1/24,71.60 ,16.5 
2021/1/25,71.70 ,16.7 
2021/1/26,71.20 ,15.7 
2021/1/27,71.10 ,16.4 
2021/1/28,71.80 ,16.6 
2021/1/29,71.50 ,16.7 
2021/1/30,71.70 ,16.6 
2021/1/31,71.30 ,14.8 
2021/2/1,71.80 ,15.8 
2021/2/2,71.70 ,16.6 
2021/2/3,71.90 ,17.4 
2021/2/4,71.50 ,15.3 
2021/2/5,71.50 ,15.4 
2021/2/6,71.50 ,16.4 
2021/2/7,,
2021/2/8,72.00 ,15.8 
2021/2/9,71.90 ,17.4 
2021/2/10,71.70 ,16.0 
2021/2/11,71.50 ,17.0 
2021/2/12,71.60 ,15.9 
2021/2/13,71.50 ,16.8 
2021/2/14,,
2021/2/15,72.30 ,16.0 
2021/2/16,72.00 ,16.0 
2021/2/17,72.10 ,16.5 
2021/2/18,71.80 ,16.5 
2021/2/19,71.90 ,16.5 
2021/2/20,71.80 ,16.6 
2021/2/21,,
2021/2/22,72.60 ,17.5 
2021/2/23,72.70 ,17.7 
2021/2/24,72.50 ,16.6 
2021/2/25,72.90 ,17.7 
2021/2/26,73.00 ,17.2 
2021/2/27,72.30 ,16.8 
2021/2/28,72.60 ,16.3 
2021/3/1,72.70 ,16.9 
2021/3/2,72.30 ,17.1 
2021/3/3,72.00 ,17.1 
2021/3/4,71.80 ,16.6 
2021/3/5,71.90 ,16.9 
2021/3/6,71.90 ,17.1 
2021/3/7,,
2021/3/8,72.80 ,17.5 
2021/3/9,72.40 ,17.3 
2021/3/10,72.10 ,16.6 
2021/3/11,,
2021/3/12,71.70 ,17.0 
2021/3/13,,
2021/3/14,72.40 ,17.4 
2021/3/15,71.90 ,16.6 
2021/3/16,,
2021/3/17,71.90 ,17.7 
2021/3/18,71.80 ,16.6 
2021/3/19,71.90 ,17.0 
2021/3/20,72.30 ,17.1 
2021/3/21,,
2021/3/22,72.90 ,16.9 
2021/3/23,72.90 ,17.8 
2021/3/24,72.90 ,17.0 
2021/3/25,72.60 ,17.5 
2021/3/26,,
2021/3/27,73.30 ,18.1 
2021/3/28,,
2021/3/29,73.30 ,18.0 
2021/3/30,73.40 ,18.0 
2021/3/31,73.00 ,17.5 
2021/4/1,72.90 ,18.7 
2021/4/2,72.70 ,18.0 
2021/4/3,73.00 ,18.0 
2021/4/4,,
2021/4/5,74.10 ,18.7 
2021/4/6,72.50 ,17.9 
2021/4/7,72.50 ,18.7 
2021/4/8,73.20 ,17.0 
2021/4/9,72.90 ,18.7 
2021/4/10,,
2021/4/11,73.90 ,18.9 
2021/4/12,73.70 ,17.4 
2021/4/13,73.50 ,18.5 
2021/4/14,73.70 ,17.9 
2021/4/15,73.60 ,17.8 
2021/4/16,73.60 ,17.3 
2021/4/17,74.20 ,19.0 
2021/4/18,73.80 ,18.9 
2021/4/19,73.80 ,17.7 
2021/4/20,74.00 ,18.4 
2021/4/21,73.60 ,17.9 
2021/4/22,73.30 ,17.2 
2021/4/23,73.60 ,18.2 
2021/4/24,73.20 ,18.2 
2021/4/25,73.10 ,17.5 
2021/4/26,,
2021/4/27,,
2021/4/28,,
2021/4/29,,
2021/4/30,,
2021/5/1,,
2021/5/2,,
2021/5/3,,
2021/5/4,,
2021/5/5,,
2021/5/6,73.80 ,18.9 
2021/5/7,73.50 ,19.2 
2021/5/8,74.20 ,18.7 
2021/5/9,73.60 ,17.0 
2021/5/10,74.50 ,17.3 
2021/5/11,74.50 ,18.5 
2021/5/12,73.20 ,17.0 
2021/5/13,73.40 ,17.9 
2021/5/14,73.70 ,16.8 
2021/5/15,73.70 ,17.8 
2021/5/16,73.50 ,17.5 
2021/5/17,74.30 ,17.4 
2021/5/18,74.10 ,18.6 
2021/5/19,73.30 ,17.2 
2021/5/20,73.30 ,18.8 
2021/5/21,73.30 ,17.6 
2021/5/22,73.50 ,17.8 
2021/5/23,73.70 ,16.8 
2021/5/24,73.90 ,18.2 
2021/5/25,73.70 ,19.2 
2021/5/26,73.40 ,18.5 
2021/5/27,73.20 ,18.1 
2021/5/28,73.80 ,18.5 
2021/5/29,73.20 ,17.0 
2021/5/30,73.70 ,18.8 
2021/5/31,73.60 ,18.1 
2021/6/1,73.70 ,18.1 
2021/6/2,73.60 ,17.5 
2021/6/3,73.60 ,18.8 
2021/6/4,73.90 ,17.2 
2021/6/5,73.90 ,18.1 
2021/6/6,73.80 ,18.8 
2021/6/7,73.60 ,18.5 
2021/6/8,74.00 ,19.1 
2021/6/9,73.90 ,18.5 
2021/6/10,73.50 ,18.8 
2021/6/11,73.60 ,18.8 
2021/6/12,73.80 ,17.6 
2021/6/13,73.60 ,16.8 
2021/6/14,74.20 ,17.8 
2021/6/15,73.50 ,18.8 
2021/6/16,73.70 ,17.8 
2021/6/17,73.70 ,18.9 
2021/6/18,73.70 ,17.3 
2021/6/19,74.10 ,17.8 
2021/6/20,73.70 ,17.4 
2021/6/21,73.90 ,17.3 
2021/6/22,74.10 ,19.0 
2021/6/23,73.90 ,18.5 
2021/6/24,73.60 ,18.6 
2021/6/25,73.70 ,18.3 
2021/6/26,73.40 ,16.8 
2021/6/27,73.70 ,18.0 
2021/6/28,74.10 ,16.6 
2021/6/29,73.90 ,18.0 
2021/6/30,74.10 ,17.8 
2021/7/1,74.00 ,18.5 
2021/7/2,73.40 ,17.5 
2021/7/3,,
2021/7/4,73.40 ,17.5 
2021/7/5,73.90 ,16.9 
2021/7/6,74.20 ,17.3 
2021/7/7,74.20 ,18.5 
2021/7/8,73.90 ,18.6 
2021/7/9,73.70 ,17.3 
2021/7/10,73.50 ,16.8 
2021/7/11,,
2021/7/12,74.70 ,17.3 
2021/7/13,74.60 ,19.0 
2021/7/14,73.70 ,17.9 
2021/7/15,73.60 ,18.3 
2021/7/16,73.80 ,16.6 
2021/7/17,73.50 ,17.7 
2021/7/18,73.80 ,18.5 
2021/7/19,74.30 ,18.8 
2021/7/20,74.00 ,18.1 
2021/7/21,74.30 ,18.0 
2021/7/22,73.50 ,17.5 
2021/7/23,73.50 ,16.1 
2021/7/24,74.50 ,17.1 
2021/7/25,73.90 ,17.5 
2021/7/26,74.70 ,18.1 
2021/7/27,74.70 ,17.9 
2021/7/28,74.90 ,16.8 
2021/7/29,73.70 ,17.7 
2021/7/30,74.00 ,17.4 
2021/7/31,73.50 ,18.0 
2021/8/1,73.90 ,17.4 
2021/8/2,74.00 ,17.8 
2021/8/3,74.10 ,16.8 
2021/8/4,74.10 ,17.8 
2021/8/5,73.80 ,17.7 
2021/8/6,73.70 ,17.6 
2021/8/7,73.20 ,18.0 
2021/8/8,73.10 ,16.8 
2021/8/9,73.00 ,17.3 
2021/8/10,73.30 ,17.1 
2021/8/11,72.80 ,17.5 
2021/8/12,72.90 ,16.1 
2021/8/13,73.40 ,16.7 
2021/8/14,73.30 ,18.6 
2021/8/15,73.70 ,18.0 
2021/8/16,73.00 ,17.8 
2021/8/17,73.10 ,17.9 
2021/8/18,73.30 ,18.3 
2021/8/19,73.20 ,17.1 
2021/8/20,73.10 ,17.9 
2021/8/21,,
2021/8/22,73.00 ,17.4 
2021/8/23,73.10 ,17.1 
2021/8/24,73.20 ,17.1 
2021/8/25,73.20 ,18.1 
2021/8/26,73.00 ,18.1 
2021/8/27,73.20 ,18.0 
2021/8/28,73.20 ,17.6 
2021/8/29,,
2021/8/30,73.60 ,17.0 
2021/8/31,73.30 ,17.9 
2021/9/1,72.60 ,17.0 
2021/9/2,72.50 ,17.6 
2021/9/3,73.60 ,18.1 
2021/9/4,73.90 ,18.9 
2021/9/5,73.40 ,18.0 
2021/9/6,72.80 ,17.7 
2021/9/7,73.30 ,18.8 
2021/9/8,73.30 ,16.8 
2021/9/9,73.60 ,17.2 
2021/9/10,73.40 ,19.0 
2021/9/11,73.20 ,18.5 
2021/9/12,,
2021/9/13,73.50 ,17.9 
2021/9/14,73.80 ,18.5 
2021/9/15,73.20 ,17.6 
2021/9/16,73.50 ,18.8 
2021/9/17,73.60 ,19.0 
2021/9/18,73.10 ,18.1 
2021/9/19,73.70 ,17.1 
2021/9/20,73.80 ,18.1 
2021/9/21,73.40 ,18.3 
2021/9/22,73.40 ,18.3 
2021/9/23,73.50 ,18.3 
2021/9/24,73.90 ,17.4 
2021/9/25,73.10 ,17.5 
2021/9/26,73.50 ,18.0 
2021/9/27,73.50 ,18.2 
2021/9/28,73.50 ,18.4 
2021/9/29,73.60 ,18.5 
2021/9/30,73.00 ,18.5 
2021/10/1,73.10 ,19.1 
2021/10/2,,
2021/10/3,71.90 ,17.4 
2021/10/4,72.10 ,18.0 
2021/10/5,72.70 ,18.6 
2021/10/6,72.30 ,17.7 
2021/10/7,72.40 ,17.4 
2021/10/8,72.90 ,18.4 
2021/10/9,72.60 ,17.3 
2021/10/10,72.40 ,17.9 
2021/10/11,72.80 ,16.8 
2021/10/12,73.40 ,17.8 
2021/10/13,73.10 ,17.0 
2021/10/14,72.40 ,17.3 
2021/10/15,73.00 ,17.8 
2021/10/16,72.80 ,17.4 
2021/10/17,,
2021/10/18,74.30 ,19.4 
2021/10/19,73.80 ,19.5 
2021/10/20,72.80 ,17.0 
2021/10/21,73.00 ,19.4 
2021/10/22,73.50 ,17.8 
2021/10/23,72.80 ,16.8 
2021/10/24,73.40 ,18.8 
2021/10/25,73.80 ,17.0 
2021/10/26,73.90 ,18.4 
2021/10/27,73.90 ,17.7 
2021/10/28,73.30 ,17.4 
2021/10/29,73.40 ,17.3 
2021/10/30,72.80 ,15.5 
2021/10/31,73.30 ,18.5 
2021/11/1,73.20 ,17.4 
2021/11/2,73.10 ,18.6 
2021/11/3,72.70 ,19.5 
2021/11/4,72.90 ,17.9 
2021/11/5,73.20 ,19.2 
2021/11/6,72.80 ,19.4 
2021/11/7,73.10 ,18.0 
2021/11/8,73.80 ,19.4 
2021/11/9,73.50 ,17.5 
2021/11/10,73.70 ,19.8 
2021/11/11,73.70 ,18.1 
2021/11/12,73.70 ,18.4 
2021/11/13,73.20 ,18.0 
2021/11/14,73.80 ,18.9 
2021/11/15,73.20 ,17.1 
2021/11/16,73.30 ,19.1 
2021/11/17,73.90 ,18.4 
2021/11/18,73.60 ,17.8 
2021/11/19,73.90 ,18.7 
2021/11/20,73.60 ,18.7 
2021/11/21,73.50 ,18.1 
2021/11/22,73.60 ,19.4 
2021/11/23,74.10 ,18.8 
2021/11/24,74.20 ,18.7 
2021/11/25,74.20 ,18.8 
2021/11/26,74.10 ,18.8 
2021/11/27,74.50 ,19.0 
2021/11/28,73.80 ,17.9 
2021/11/29,74.00 ,19.6 
2021/11/30,74.30 ,18.0 
2021/12/1,73.70 ,18.5 
2021/12/2,73.30 ,18.5 
2021/12/3,73.90 ,19.5 
2021/12/4,73.90 ,18.5 
2021/12/5,74.20 ,17.9 
2021/12/6,74.20 ,19.4 
2021/12/7,73.90 ,18.4 
2021/12/8,73.70 ,18.1 
2021/12/9,73.40 ,18.5 
2021/12/10,73.90 ,18.5 
2021/12/11,73.50 ,17.4 
2021/12/12,73.60 ,18.0 
2021/12/13,75.00 ,19.0 
2021/12/14,74.00 ,19.3 
2021/12/15,73.60 ,19.0 
2021/12/16,73.60 ,18.8 
2021/12/17,73.60 ,18.8 
2021/12/18,73.40 ,18.8 
2021/12/19,73.80 ,18.4 
2021/12/20,73.60 ,18.8 
2021/12/21,73.80 ,19.0 
2021/12/22,73.90 ,18.8 
2021/12/23,73.50 ,18.4 
2021/12/24,73.20 ,19.0 
2021/12/25,73.00 ,18.1 
2021/12/26,74.00 ,18.1 
2021/12/27,74.60 ,18.4 
2021/12/28,73.60 ,18.9 
2021/12/29,73.70 ,19.0 
2021/12/30,74.80 ,18.0 
2021/12/31,74.80 ,18.5 
2020/1/1,71.20 ,17.8 
2020/1/2,70.95 ,17.8 
2020/1/3,71.05 ,17.0 
2020/1/4,70.00 ,15.7 
2020/1/5,70.10 ,15.5 
2020/1/6,69.70 ,14.2 
2020/1/7,69.70 ,14.9 
2020/1/8,68.50 ,13.8 
2020/1/9,68.75 ,14.8 
2020/1/10,69.20 ,14.8 
2020/1/11,69.80 ,15.2 
2020/1/12,68.85 ,14.2 
2020/1/13,68.20 ,14.9 
2020/1/14,68.55 ,14.4 
2020/1/15,68.35 ,14.1 
2020/1/16,68.50 ,14.6 
2020/1/17,68.25 ,14.1 
2020/1/18,67.90 ,14.4 
2020/1/19,68.30 ,14.4 
2020/1/20,68.05 ,13.5 
2020/1/21,67.95 ,13.7 
2020/1/22,68.00 ,13.5 
2020/1/23,67.80 ,13.3 
2020/1/24,67.55 ,13.0 
2020/1/25,68.00 ,13.8 
2020/1/26,68.55 ,15.1 
2020/1/27,68.55 ,13.8 
2020/1/28,68.25 ,14.0 
2020/1/29,68.20 ,14.1 
2020/1/30,68.20 ,13.4 
2020/1/31,68.60 ,14.5 
2020/2/1,67.50 ,12.5 
2020/2/2,67.50 ,13.7 
2020/2/3,68.00 ,13.7 
2020/2/4,67.85 ,13.5 
2020/2/5,67.50 ,13.3 
2020/2/6,67.40 ,13.0 
2020/2/7,67.50 ,14.0 
2020/2/8,67.20 ,13.5 
2020/2/9,67.55 ,13.6 
2020/2/10,67.55 ,13.7 
2020/2/11,67.55 ,13.7 
2020/2/12,67.70 ,14.0 
2020/2/13,67.60 ,13.8 
2020/2/14,67.60 ,13.7 
2020/2/15,67.40 ,13.5 
2020/2/16,68.10 ,14.9 
2020/2/17,68.45 ,13.8 
2020/2/18,67.50 ,14.2 
2020/2/19,67.40 ,13.1 
2020/2/20,68.30 ,14.1 
2020/2/21,68.40 ,13.9 
2020/2/22,68.00 ,14.8 
2020/2/23,68.20 ,13.8 
2020/2/24,68.40 ,13.9 
2020/2/25,68.30 ,13.3 
2020/2/26,67.90 ,14.3 
2020/2/27,67.35 ,13.8 
2020/2/28,68.00 ,14.8 
2020/2/29,68.00 ,13.8 
2020/3/1,67.80 ,13.9 
2020/3/2,68.80 ,13.3 
2020/3/3,68.50 ,14.3 
2020/3/4,68.40 ,14.7 
2020/3/5,68.50 ,14.1 
2020/3/6,67.90 ,13.8 
2020/3/7,67.80 ,13.3 
2020/3/8,68.60 ,13.6 
2020/3/9,,
2020/3/10,69.00 ,15.0 
2020/3/11,69.00 ,15.0 
2020/3/12,68.30 ,13.7 
2020/3/13,68.10 ,14.6 
2020/3/14,68.20 ,14.5 
2020/3/15,68.40 ,14.6 
2020/3/16,67.90 ,14.2 
2020/3/17,67.85 ,14.5 
2020/3/18,67.90 ,14.1 
2020/3/19,68.40 ,14.1 
2020/3/20,68.00 ,13.4 
2020/3/21,69.00 ,13.7 
2020/3/22,68.10 ,12.8 
2020/3/23,69.05 ,13.7 
2020/3/24,68.50 ,14.3 
2020/3/25,68.20 ,14.5 
2020/3/26,68.50 ,14.5 
2020/3/27,68.75 ,14.6 
2020/3/28,68.20 ,13.9 
2020/3/29,68.25 ,14.4 
2020/3/30,68.45 ,14.0 
2020/3/31,68.50 ,15.0 
2020/4/1,68.70 ,14.9 
2020/4/2,68.70 ,14.5 
2020/4/3,68.50 ,14.0 
2020/4/4,68.60 ,14.8 
2020/4/5,68.10 ,13.7 
2020/4/6,68.90 ,14.0 
2020/4/7,68.90 ,14.0 
2020/4/8,68.30 ,13.9 
2020/4/9,68.00 ,13.8 
2020/4/10,68.30 ,14.2 
2020/4/11,67.30 ,13.1 
2020/4/12,67.70 ,13.8 
2020/4/13,68.10 ,14.1 
2020/4/14,67.80 ,14.3 
2020/4/15,67.70 ,13.8 
2020/4/16,67.90 ,14.0 
2020/4/17,67.90 ,13.8 
2020/4/18,68.10 ,14.3 
2020/4/19,68.00 ,12.9 
2020/4/20,68.40 ,12.8 
2020/4/21,67.70 ,14.5 
2020/4/22,68.10 ,14.5 
2020/4/23,67.90 ,13.9 
2020/4/24,67.90 ,14.1 
2020/4/25,67.25 ,13.5 
2020/4/26,67.65 ,12.5 
2020/4/27,67.70 ,13.3 
2020/4/28,67.80 ,14.5 
2020/4/29,67.70 ,13.0 
2020/4/30,68.40 ,14.0 
2020/5/1,68.20 ,14.0 
2020/5/2,68.80 ,12.7 
2020/5/3,68.70 ,12.2 
2020/5/4,68.90 ,14.5 
2020/5/5,68.40 ,14.1 
2020/5/6,68.70 ,12.7 
2020/5/7,68.40 ,13.8 
2020/5/8,68.90 ,15.0 
2020/5/9,68.40 ,13.8 
2020/5/10,68.60 ,14.1 
2020/5/11,68.90 ,14.0 
2020/5/12,68.90 ,14.4 
2020/5/13,69.10 ,14.8 
2020/5/14,69.30 ,15.8 
2020/5/15,69.30 ,15.7 
2020/5/16,68.40 ,14.7 
2020/5/17,69.20 ,15.0 
2020/5/18,69.80 ,14.1 
2020/5/19,69.90 ,15.1 
2020/5/20,69.60 ,14.6 
2020/5/21,69.80 ,15.7 
2020/5/22,69.60 ,14.5 
2020/5/23,69.20 ,14.4 
2020/5/24,68.90 ,13.9 
2020/5/25,69.40 ,15.0 
2020/5/26,69.20 ,14.5 
2020/5/27,69.40 ,14.7 
2020/5/28,69.30 ,15.4 
2020/5/29,68.80 ,14.4 
2020/5/30,69.70 ,15.6 
2020/5/31,69.90 ,15.4 
2020/6/1,70.10 ,15.1 
2020/6/2,69.30 ,15.0 
2020/6/3,68.90 ,14.4 
2020/6/4,69.10 ,14.6 
2020/6/5,69.40 ,15.4 
2020/6/6,69.80 ,14.9 
2020/6/7,,
2020/6/8,70.80 ,15.3 
2020/6/9,70.10 ,15.3 
2020/6/10,69.70 ,15.4 
2020/6/11,69.80 ,15.0 
2020/6/12,69.60 ,15.4 
2020/6/13,69.50 ,15.0 
2020/6/14,69.90 ,14.5 
2020/6/15,70.80 ,14.9 
2020/6/16,69.90 ,15.7 
2020/6/17,69.50 ,15.0 
2020/6/18,70.10 ,15.7 
2020/6/19,69.50 ,16.0 
2020/6/20,69.20 ,14.4 
2020/6/21,70.90 ,14.4 
2020/6/22,70.80 ,15.6 
2020/6/23,70.80 ,15.4 
2020/6/24,69.70 ,14.4 
2020/6/25,70.40 ,15.4 
2020/6/26,70.70 ,15.8 
2020/6/27,69.70 ,15.0 
2020/6/28,69.40 ,14.8 
2020/6/29,70.40 ,16.1 
2020/6/30,70.90 ,15.8 
2020/7/1,69.60 ,14.1 
2020/7/2,70.20 ,15.2 
2020/7/3,70.00 ,15.2 
2020/7/4,69.60 ,13.3 
2020/7/5,69.90 ,15.0 
2020/7/6,70.30 ,14.0 
2020/7/7,70.50 ,15.6 
2020/7/8,69.90 ,15.8 
2020/7/9,69.90 ,15.7 
2020/7/10,69.90 ,15.2 
2020/7/11,70.10 ,15.9 
2020/7/12,69.80 ,14.4 
2020/7/13,70.30 ,15.1 
2020/7/14,69.70 ,15.8 
2020/7/15,69.60 ,16.1 
2020/7/16,69.45 ,15.6 
2020/7/17,69.90 ,15.4 
2020/7/18,69.90 ,14.4 
2020/7/19,70.20 ,15.1 
2020/7/20,70.70 ,14.7 
2020/7/21,70.30 ,15.5 
2020/7/22,69.80 ,15.8 
2020/7/23,69.80 ,14.5 
2020/7/24,69.80 ,
2020/7/25,70.40 ,14.2 
2020/7/26,70.30 ,15.5 
2020/7/27,69.80 ,14.8 
2020/7/28,69.30 ,15.4 
2020/7/29,69.70 ,15.0 
2020/7/30,69.80 ,15.9 
2020/7/31,69.80 ,15.9 
2020/8/1,69.60 ,15.1 
2020/8/2,69.90 ,13.9 
2020/8/3,71.00 ,15.5 
2020/8/4,70.10 ,16.0 
2020/8/5,70.30 ,15.3 
2020/8/6,69.70 ,15.0 
2020/8/7,69.90 ,15.5 
2020/8/8,69.10 ,12.8 
2020/8/9,,
2020/8/10,69.50 ,13.6 
2020/8/11,,
2020/8/12,,
2020/8/13,68.20 ,12.5 
2020/8/14,69.30 ,13.4 
2020/8/15,69.30 ,12.7 
2020/8/16,69.30 ,13.1 
2020/8/17,69.70 ,14.8 
2020/8/18,69.70 ,14.4 
2020/8/19,69.60 ,14.8 
2020/8/20,69.50 ,14.9 
2020/8/21,69.60 ,14.1 
2020/8/22,69.20 ,15.1 
2020/8/23,68.70 ,12.8 
2020/8/24,69.00 ,14.1 
2020/8/25,68.80 ,15.0 
2020/8/26,68.80 ,15.1 
2020/8/27,68.80 ,14.5 
2020/8/28,68.60 ,13.8 
2020/8/29,68.20 ,12.9 
2020/8/30,68.60 ,13.4 
2020/8/31,69.90 ,12.0 
2020/9/1,69.90 ,15.5 
2020/9/2,69.25 ,14.9 
2020/9/3,68.35 ,14.9 
2020/9/4,68.60 ,14.1 
2020/9/5,68.60 ,12.5 
2020/9/6,69.40 ,13.9 
2020/9/7,69.80 ,15.4 
2020/9/8,69.40 ,14.8 
2020/9/9,68.70 ,14.4 
2020/9/10,68.60 ,14.8 
2020/9/11,68.70 ,15.1 
2020/9/12,68.50 ,14.8 
2020/9/13,67.90 ,12.8 
2020/9/14,68.20 ,14.0 
2020/9/15,68.90 ,14.4 
2020/9/16,68.10 ,14.5 
2020/9/17,68.30 ,14.5 
2020/9/18,67.75 ,14.5 
2020/9/19,68.20 ,14.2 
2020/9/20,,
2020/9/21,69.70 ,14.2 
2020/9/22,69.00 ,14.3 
2020/9/23,69.20 ,15.0 
2020/9/24,68.90 ,14.8 
2020/9/25,68.60 ,15.4 
2020/9/26,68.30 ,14.6 
2020/9/27,69.40 ,14.2 
2020/9/28,69.20 ,14.6 
2020/9/29,69.10 ,15.3 
2020/9/30,68.40 ,15.1 
2020/10/1,68.50 ,15.2 
2020/10/2,69.00 ,14.7 
2020/10/3,68.40 ,12.5 
2020/10/4,68.80 ,13.6 
2020/10/5,68.60 ,13.6 
2020/10/6,68.90 ,14.9 
2020/10/7,68.60 ,15.5 
2020/10/8,68.50 ,15.0 
2020/10/9,68.80 ,14.4 
2020/10/10,68.20 ,13.3 
2020/10/11,68.40 ,12.4 
2020/10/12,68.90 ,14.8 
2020/10/13,68.40 ,14.1 
2020/10/14,68.10 ,14.9 
2020/10/15,68.50 ,15.0 
2020/10/16,69.20 ,14.9 
2020/10/17,68.80 ,16.1 
2020/10/18,68.10 ,13.4 
2020/10/19,68.70 ,14.7 
2020/10/20,68.50 ,15.5 
2020/10/21,68.40 ,15.5 
2020/10/22,68.30 ,15.2 
2020/10/23,68.70 ,14.1 
2020/10/24,68.60 ,14.1 
2020/10/25,69.30 ,14.9 
2020/10/26,69.10 ,14.5 
2020/10/27,69.60 ,15.4 
2020/10/28,69.30 ,15.1 
2020/10/29,69.40 ,15.4 
2020/10/30,69.00 ,13.7 
2020/10/31,69.10 ,15.1 
2020/11/1,,
2020/11/2,68.10 ,13.1 
2020/11/3,68.60 ,13.7 
2020/11/4,69.40 ,12.7 
2020/11/5,,
2020/11/6,69.50 ,13.8 
2020/11/7,69.00 ,14.9 
2020/11/8,68.90 ,14.8 
2020/11/9,69.40 ,13.7 
2020/11/10,68.60 ,14.1 
2020/11/11,69.10 ,15.1 
2020/11/12,69.10 ,14.8 
2020/11/13,68.80 ,14.3 
2020/11/14,68.50 ,14.8 
2020/11/15,69.90 ,15.0 
2020/11/16,70.10 ,14.3 
2020/11/17,,
2020/11/18,,
2020/11/19,,
2020/11/20,70.20 ,15.3 
2020/11/21,69.60 ,14.0 
2020/11/22,70.20 ,15.3 
2020/11/23,70.00 ,15.3 
2020/11/24,70.70 ,16.3 
2020/11/25,69.70 ,15.1 
2020/11/26,69.70 ,15.5 
2020/11/27,70.00 ,15.0 
2020/11/28,70.10 ,15.6 
2020/11/29,70.00 ,15.3 
2020/11/30,70.50 ,14.7 
2020/12/1,70.10 ,15.3 
2020/12/2,69.90 ,15.6 
2020/12/3,69.80 ,15.8 
2020/12/4,70.20 ,16.3 
2020/12/5,69.60 ,14.8 
2020/12/6,69.50 ,14.4 
2020/12/7,70.40 ,14.8 
2020/12/8,70.20 ,14.4 
2020/12/9,70.00 ,15.0 
2020/12/10,70.30 ,15.2 
2020/12/11,70.40 ,15.3 
2020/12/12,69.70 ,15.3 
2020/12/13,69.70 ,14.0 
2020/12/14,70.40 ,15.0 
2020/12/15,69.70 ,15.3 
2020/12/16,70.20 ,16.0 
2020/12/17,70.10 ,16.3 
2020/12/18,69.60 ,15.3 
2020/12/19,70.00 ,15.0 
2020/12/20,69.80 ,15.4 
2020/12/21,70.90 ,15.4 
2020/12/22,70.40 ,15.9 
2020/12/23,70.60 ,16.0 
2020/12/24,70.00 ,15.6 
2020/12/25,,
2020/12/26,,
2020/12/27,,
2020/12/28,68.00 ,
2020/12/29,70.00 ,12.3 
2020/12/30,69.70 ,14.6 
2020/12/31,70.00 ,15.2 
2019/1/1,,
2019/1/2,,
2019/1/3,,
2019/1/4,,
2019/1/5,69.40 ,13.4 
2019/1/6,69.20 ,13.7 
2019/1/7,68.95 ,13.7 
2019/1/8,69.45 ,13.9 
2019/1/9,69.40 ,13.9 
2019/1/10,69.10 ,14.0 
2019/1/11,69.50 ,13.8 
2019/1/12,69.00 ,13.3 
2019/1/13,69.60 ,13.3 
2019/1/14,69.50 ,13.3 
2019/1/15,69.90 ,14.9 
2019/1/16,69.25 ,14.3 
2019/1/17,69.45 ,14.1 
2019/1/18,69.95 ,14.4 
2019/1/19,69.20 ,14.5 
2019/1/20,69.35 ,13.5 
2019/1/21,70.00 ,13.7 
2019/1/22,69.70 ,14.9 
2019/1/23,69.20 ,14.7 
2019/1/24,68.55 ,15.3 
2019/1/25,69.70 ,15.6 
2019/1/26,69.35 ,15.2 
2019/1/27,,
2019/1/28,69.30 ,14.7 
2019/1/29,69.20 ,13.5 
2019/1/30,69.10 ,15.4 
2019/1/31,69.25 ,15.9 
2019/2/1,68.70 ,15.0 
2019/2/2,69.05 ,15.0 
2019/2/3,,
2019/2/4,69.65 ,14.0 
2019/2/5,69.40 ,16.1 
2019/2/6,69.20 ,15.1 
2019/2/7,69.25 ,15.2 
2019/2/8,69.60 ,16.1 
2019/2/9,69.90 ,16.7 
2019/2/10,69.25 ,15.7 
2019/2/11,69.50 ,14.7 
2019/2/12,69.35 ,14.4 
2019/2/13,69.80 ,15.8 
2019/2/14,69.50 ,15.2 
2019/2/15,69.40 ,14.4 
2019/2/16,69.20 ,14.1 
2019/2/17,,
2019/2/18,70.10 ,13.8 
2019/2/19,,
2019/2/20,69.05 ,13.7 
2019/2/21,69.75 ,14.5 
2019/2/22,68.95 ,15.1 
2019/2/23,,
2019/2/24,69.75 ,12.7 
2019/2/25,69.85 ,14.1 
2019/2/26,70.15 ,14.4 
2019/2/27,69.30 ,14.0 
2019/2/28,69.80 ,15.1 
2019/3/1,69.80 ,15.4 
2019/3/2,69.90 ,16.0 
2019/3/3,69.25 ,14.7 
2019/3/4,69.60 ,13.7 
2019/3/5,70.55 ,14.3 
2019/3/6,69.90 ,15.0 
2019/3/7,70.35 ,14.7 
2019/3/8,70.30 ,14.7 
2019/3/9,69.70 ,14.0 
2019/3/10,69.30 ,14.0 
2019/3/11,70.05 ,14.1 
2019/3/12,69.85 ,15.1 
2019/3/13,70.20 ,15.1 
2019/3/14,70.40 ,13.8 
2019/3/15,71.00 ,14.8 
2019/3/16,70.20 ,13.8 
2019/3/17,70.50 ,14.7 
2019/3/18,70.85 ,14.5 
2019/3/19,70.90 ,15.0 
2019/3/20,70.55 ,14.9 
2019/3/21,70.30 ,14.5 
2019/3/22,,
2019/3/23,,
2019/3/24,70.40 ,13.4 
2019/3/25,70.80 ,13.2 
2019/3/26,70.50 ,13.7 
2019/3/27,70.05 ,14.5 
2019/3/28,70.25 ,14.5 
2019/3/29,69.70 ,14.9 
2019/3/30,69.70 ,15.4 
2019/3/31,,
2019/4/1,70.65 ,14.7 
2019/4/2,69.95 ,14.7 
2019/4/3,69.70 ,14.6 
2019/4/4,69.45 ,14.7 
2019/4/5,69.65 ,14.8 
2019/4/6,69.25 ,14.5 
2019/4/7,68.90 ,13.4 
2019/4/8,69.40 ,13.8 
2019/4/9,69.35 ,13.9 
2019/4/10,68.90 ,13.8 
2019/4/11,68.70 ,13.7 
2019/4/12,69.05 ,14.3 
2019/4/13,68.80 ,13.9 
2019/4/14,69.10 ,13.6 
2019/4/15,69.55 ,13.3 
2019/4/16,68.75 ,13.6 
2019/4/17,69.35 ,14.4 
2019/4/18,68.85 ,14.0 
2019/4/19,,
2019/4/20,68.35 ,12.8 
2019/4/21,68.90 ,14.2 
2019/4/22,69.20 ,14.4 
2019/4/23,69.05 ,13.7 
2019/4/24,69.05 ,15.0 
2019/4/25,69.50 ,13.0 
2019/4/26,69.50 ,13.8 
2019/4/27,69.85 ,13.5 
2019/4/28,69.65 ,15.1 
2019/4/29,69.40 ,14.1 
2019/4/30,,
2019/5/1,,
2019/5/2,,
2019/5/3,,
2019/5/4,,
2019/5/5,69.90 ,14.0 
2019/5/6,69.55 ,14.5 
2019/5/7,69.65 ,14.0 
2019/5/8,69.10 ,14.5 
2019/5/9,69.15 ,14.3 
2019/5/10,69.75 ,15.0 
2019/5/11,68.65 ,12.9 
2019/5/12,68.70 ,13.8 
2019/5/13,69.45 ,14.0 
2019/5/14,69.50 ,14.3 
2019/5/15,69.20 ,14.5 
2019/5/16,69.10 ,14.5 
2019/5/17,69.50 ,14.9 
2019/5/18,69.55 ,15.1 
2019/5/19,68.45 ,12.5 
2019/5/20,68.80 ,
2019/5/21,69.00 ,
2019/5/22,69.30 ,
2019/5/23,69.50 ,
2019/5/24,69.30 ,12.8 
2019/5/25,69.40 ,14.1 
2019/5/26,69.15 ,13.3 
2019/5/27,69.65 ,15.6 
2019/5/28,69.90 ,15.7 
2019/5/29,70.25 ,13.5 
2019/5/30,70.30 ,15.9 
2019/5/31,69.85 ,14.5 
2019/6/1,68.65 ,12.2 
2019/6/2,69.00 ,14.3 
2019/6/3,69.40 ,14.3 
2019/6/4,69.75 ,13.3 
2019/6/5,69.90 ,15.0 
2019/6/6,70.15 ,14.8 
2019/6/7,,
2019/6/8,69.35 ,14.8 
2019/6/9,,
2019/6/10,70.05 ,14.8 
2019/6/11,69.80 ,14.8 
2019/6/12,70.10 ,14.3 
2019/6/13,70.35 ,14.2 
2019/6/14,69.70 ,14.3 
2019/6/15,69.80 ,14.5 
2019/6/16,69.45 ,13.0 
2019/6/17,70.45 ,13.0 
2019/6/18,70.55 ,15.0 
2019/6/19,70.15 ,15.3 
2019/6/20,69.95 ,15.0 
2019/6/21,69.35 ,14.6 
2019/6/22,68.60 ,13.3 
2019/6/23,69.10 ,13.6 
2019/6/24,70.50 ,15.8 
2019/6/25,70.45 ,15.7 
2019/6/26,70.35 ,15.9 
2019/6/27,70.20 ,14.7 
2019/6/28,69.35 ,15.1 
2019/6/29,69.45 ,15.9 
2019/6/30,69.35 ,14.5 
2019/7/1,70.15 ,15.4 
2019/7/2,69.25 ,16.0 
2019/7/3,68.65 ,15.0 
2019/7/4,69.15 ,14.8 
2019/7/5,,
2019/7/6,69.70 ,14.7 
2019/7/7,69.85 ,15.0 
2019/7/8,70.00 ,15.8 
2019/7/9,69.70 ,15.8 
2019/7/10,69.85 ,15.5 
2019/7/11,69.95 ,15.8 
2019/7/12,69.95 ,15.8 
2019/7/13,69.90 ,16.9 
2019/7/14,70.30 ,15.8 
2019/7/15,70.20 ,14.5 
2019/7/16,,
2019/7/17,70.65 ,15.1 
2019/7/18,70.50 ,15.8 
2019/7/19,70.10 ,15.1 
2019/7/20,69.40 ,13.9 
2019/7/21,,
2019/7/22,,
2019/7/23,71.60 ,13.9 
2019/7/24,71.25 ,15.1 
2019/7/25,70.95 ,16.2 
2019/7/26,70.45 ,15.1 
2019/7/27,69.55 ,13.9 
2019/7/28,,
2019/7/29,71.35 ,15.1 
2019/7/30,71.10 ,15.1 
2019/7/31,70.30 ,15.1 
2019/8/1,70.75 ,15.4 
2019/8/2,,
2019/8/3,70.70 ,15.8 
2019/8/4,70.20 ,13.5 
2019/8/5,70.80 ,15.1 
2019/8/6,71.70 ,15.7 
2019/8/7,71.50 ,15.3 
2019/8/8,71.05 ,15.0 
2019/8/9,70.30 ,16.1 
2019/8/10,70.30 ,14.1 
2019/8/11,70.45 ,15.5 
2019/8/12,70.75 ,14.8 
2019/8/13,70.80 ,15.5 
2019/8/14,,
2019/8/15,69.90 ,
2019/8/16,70.75 ,15.1 
2019/8/17,70.15 ,12.9 
2019/8/18,70.95 ,15.5 
2019/8/19,71.25 ,14.8 
2019/8/20,71.75 ,15.1 
2019/8/21,71.85 ,14.8 
2019/8/22,71.95 ,15.4 
2019/8/23,70.40 ,14.8 
2019/8/24,71.30 ,15.3 
2019/8/25,71.40 ,16.8 
2019/8/26,71.70 ,16.1 
2019/8/27,71.15 ,15.5 
2019/8/28,71.90 ,15.3 
2019/8/29,71.20 ,15.2 
2019/8/30,71.05 ,16.5 
2019/8/31,69.90 ,15.4 
2019/9/1,71.00 ,15.5 
2019/9/2,70.65 ,15.0 
2019/9/3,70.80 ,15.5 
2019/9/4,70.85 ,15.2 
2019/9/5,70.20 ,14.9 
2019/9/6,71.00 ,16.0 
2019/9/7,70.70 ,15.6 
2019/9/8,71.10 ,15.2 
2019/9/9,71.50 ,15.2 
2019/9/10,72.25 ,15.7 
2019/9/11,71.20 ,15.4 
2019/9/12,71.40 ,15.4 
2019/9/13,71.80 ,15.3 
2019/9/14,70.95 ,14.0 
2019/9/15,,
2019/9/16,72.20 ,14.7 
2019/9/17,72.05 ,16.0 
2019/9/18,71.75 ,15.0 
2019/9/19,71.30 ,16.3 
2019/9/20,71.90 ,16.0 
2019/9/21,71.80 ,14.8 
2019/9/22,71.05 ,14.8 
2019/9/23,71.15 ,15.1 
2019/9/24,71.65 ,15.9 
2019/9/25,71.65 ,17.0 
2019/9/26,71.65 ,15.4 
2019/9/27,70.85 ,16.2 
2019/9/28,71.20 ,16.2 
2019/9/29,70.80 ,15.0 
2019/9/30,71.70 ,16.2 
2019/10/1,72.40 ,17.2 
2019/10/2,71.70 ,15.2 
2019/10/3,71.60 ,17.3 
2019/10/4,,
2019/10/5,,
2019/10/6,,
2019/10/7,72.55 ,17.2 
2019/10/8,72.40 ,16.0 
2019/10/9,72.10 ,16.4 
2019/10/10,71.75 ,17.6 
2019/10/11,,
2019/10/12,72.10 ,17.0 
2019/10/13,71.00 ,14.8 
2019/10/14,,
2019/10/15,72.20 ,17.3 
2019/10/16,71.55 ,17.2 
2019/10/17,71.10 ,17.4 
2019/10/18,71.80 ,18.0 
2019/10/19,70.40 ,14.7 
2019/10/20,70.90 ,16.1 
2019/10/21,71.00 ,15.5 
2019/10/22,71.00 ,16.0 
2019/10/23,70.75 ,16.0 
2019/10/24,70.80 ,17.2 
2019/10/25,70.35 ,15.2 
2019/10/26,70.90 ,16.2 
2019/10/27,70.65 ,16.8 
2019/10/28,70.70 ,15.3 
2019/10/29,70.35 ,15.2 
2019/10/30,70.20 ,15.6 
2019/10/31,70.25 ,15.8 
2019/11/1,70.50 ,16.0 
2019/11/2,70.60 ,16.6 
2019/11/3,70.80 ,14.5 
2019/11/4,70.00 ,15.5 
2019/11/5,70.10 ,14.5 
2019/11/6,70.10 ,16.1 
2019/11/7,69.60 ,16.1 
2019/11/8,69.90 ,17.1 
2019/11/9,69.80 ,15.1 
2019/11/10,70.15 ,15.1 
2019/11/11,,
2019/11/12,,
2019/11/13,70.80 ,16.2 
2019/11/14,70.30 ,16.3 
2019/11/15,68.80 ,13.9 
2019/11/16,69.75 ,15.7 
2019/11/17,,
2019/11/18,70.95 ,15.0 
2019/11/19,70.45 ,14.7 
2019/11/20,70.15 ,15.5 
2019/11/21,69.65 ,16.5 
2019/11/22,70.00 ,15.6 
2019/11/23,69.30 ,15.1 
2019/11/24,68.80 ,14.0 
2019/11/25,69.75 ,14.7 
2019/11/26,69.45 ,15.0 
2019/11/27,69.20 ,15.0 
2019/11/28,69.05 ,15.4 
2019/11/29,69.05 ,14.1 
2019/11/30,68.95 ,14.0 
2019/12/1,69.20 ,16.0 
2019/12/2,69.60 ,15.3 
2019/12/3,69.25 ,14.9 
2019/12/4,68.90 ,15.3 
2019/12/5,69.05 ,15.0 
2019/12/6,69.10 ,15.1 
2019/12/7,68.80 ,15.1 
2019/12/8,69.35 ,12.7 
2019/12/9,69.55 ,13.8 
2019/12/10,69.35 ,15.5 
2019/12/11,69.80 ,15.3 
2019/12/12,69.25 ,15.1 
2019/12/13,68.65 ,14.7 
2019/12/14,68.95 ,14.9 
2019/12/15,69.65 ,14.0 
2019/12/16,70.00 ,14.2 
2019/12/17,69.80 ,15.4 
2019/12/18,69.45 ,15.6 
2019/12/19,69.90 ,15.8 
2019/12/20,68.95 ,15.0 
2019/12/21,68.95 ,16.0 
2019/12/22,69.45 ,14.9 
2019/12/23,70.00 ,14.2 
2019/12/24,69.50 ,15.1 
2019/12/25,69.00 ,14.9 
2019/12/26,68.35 ,14.7 
2019/12/27,69.20 ,15.5 
2019/12/28,68.60 ,14.0 
2019/12/29,69.40 ,14.0 
2019/12/30,69.70 ,14.9 
2019/12/31,70.40 ,16.0 
2018/1/1,,
2018/1/2,,
2018/1/3,70.70 ,14.4 
2018/1/4,71.40 ,14.8 
2018/1/5,70.50 ,15.2 
2018/1/6,70.00 ,14.2 
2018/1/7,,
2018/1/8,,
2018/1/9,71.25 ,14.5 
2018/1/10,71.45 ,15.6 
2018/1/11,71.60 ,15.1 
2018/1/12,71.35 ,15.0 
2018/1/13,70.80 ,14.9 
2018/1/14,71.05 ,15.9 
2018/1/15,71.95 ,15.0 
2018/1/16,71.70 ,15.1 
2018/1/17,71.40 ,15.1 
2018/1/18,71.60 ,14.9 
2018/1/19,71.15 ,15.1 
2018/1/20,,
2018/1/21,,
2018/1/22,70.85 ,14.9 
2018/1/23,70.70 ,14.6 
2018/1/24,70.40 ,14.8 
2018/1/25,70.25 ,14.8 
2018/1/26,70.20 ,14.8 
2018/1/27,,
2018/1/28,71.45 ,15.7 
2018/1/29,71.75 ,15.8 
2018/1/30,71.05 ,15.0 
2018/1/31,71.00 ,14.8 
2018/2/1,71.00 ,16.0 
2018/2/2,,
2018/2/3,70.70 ,16.4 
2018/2/4,70.60 ,16.2 
2018/2/5,71.70 ,17.0 
2018/2/6,70.80 ,15.4 
2018/2/7,70.50 ,15.9 
2018/2/8,70.65 ,15.4 
2018/2/9,70.65 ,15.2 
2018/2/10,71.20 ,15.1 
2018/2/11,,
2018/2/12,,
2018/2/13,72.05 ,16.0 
2018/2/14,71.35 ,15.0 
2018/2/15,70.90 ,15.0 
2018/2/16,70.10 ,15.5 
2018/2/17,71.60 ,16.1 
2018/2/18,71.70 ,15.9 
2018/2/19,71.80 ,16.1 
2018/2/20,71.75 ,15.7 
2018/2/21,70.80 ,15.8 
2018/2/22,71.15 ,15.6 
2018/2/23,70.85 ,14.7 
2018/2/24,,
2018/2/25,71.35 ,16.9 
2018/2/26,70.30 ,14.8 
2018/2/27,70.55 ,15.6 
2018/2/28,70.05 ,14.7 
2018/3/1,69.80 ,14.5 
2018/3/2,70.45 ,15.0 
2018/3/3,70.00 ,16.1 
2018/3/4,,
2018/3/5,70.50 ,16.3 
2018/3/6,70.45 ,15.1 
2018/3/7,70.55 ,15.6 
2018/3/8,70.05 ,15.1 
2018/3/9,70.55 ,15.6 
2018/3/10,70.00 ,16.1 
2018/3/11,70.90 ,15.5 
2018/3/12,71.15 ,15.0 
2018/3/13,70.40 ,15.7 
2018/3/14,70.30 ,15.6 
2018/3/15,70.25 ,16.0 
2018/3/16,70.35 ,16.2 
2018/3/17,70.45 ,16.1 
2018/3/18,70.80 ,14.7 
2018/3/19,71.50 ,16.1 
2018/3/20,70.50 ,15.7 
2018/3/21,70.70 ,15.4 
2018/3/22,71.50 ,16.9 
2018/3/23,,
2018/3/24,,
2018/3/25,71.20 ,14.0 
2018/3/26,71.30 ,16.1 
2018/3/27,71.60 ,15.8 
2018/3/28,71.30 ,15.6 
2018/3/29,70.95 ,15.5 
2018/3/30,,
2018/3/31,71.65 ,15.6 
2018/4/1,72.94 ,16.4 
2018/4/2,71.75 ,15.4 
2018/4/3,71.65 ,16.3 
2018/4/4,71.40 ,16.0 
2018/4/5,,
2018/4/6,72.25 ,15.6 
2018/4/7,71.90 ,16.9 
2018/4/8,71.90 ,17.1 
2018/4/9,72.05 ,16.5 
2018/4/10,72.00 ,17.0 
2018/4/11,71.80 ,17.0 
2018/4/12,71.70 ,16.5 
2018/4/13,71.25 ,16.7 
2018/4/14,71.80 ,16.3 
2018/4/15,,
2018/4/16,,
2018/4/17,,
2018/4/18,,
2018/4/19,,
2018/4/20,,
2018/4/21,,
2018/4/22,,
2018/4/23,74.30 ,17.1 
2018/4/24,73.05 ,16.5 
2018/4/25,72.80 ,16.5 
2018/4/26,73.00 ,17.7 
2018/4/27,72.80 ,17.3 
2018/4/28,,
2018/4/29,,
2018/4/30,,
2018/5/1,73.80 ,16.0 
2018/5/2,74.00 ,16.4 
2018/5/3,72.15 ,16.5 
2018/5/4,,
2018/5/5,,
2018/5/6,,
2018/5/7,72.95 ,16.8 
2018/5/8,73.00 ,15.5 
2018/5/9,73.00 ,16.4 
2018/5/10,71.75 ,15.5 
2018/5/11,72.15 ,17.0 
2018/5/12,72.40 ,16.0 
2018/5/13,,
2018/5/14,72.85 ,17.0 
2018/5/15,72.30 ,15.1 
2018/5/16,72.10 ,15.5 
2018/5/17,72.15 ,15.5 
2018/5/18,71.95 ,16.1 
2018/5/19,72.45 ,15.5 
2018/5/20,72.10 ,15.5 
2018/5/21,73.00 ,16.0 
2018/5/22,72.65 ,16.8 
2018/5/23,71.80 ,15.9 
2018/5/24,71.85 ,16.5 
2018/5/25,72.00 ,
2018/5/26,72.10 ,
2018/5/27,72.05 ,15.5 
2018/5/28,72.60 ,14.9 
2018/5/29,72.50 ,14.7 
2018/5/30,71.80 ,15.9 
2018/5/31,71.75 ,15.7 
2018/6/1,72.60 ,16.1 
2018/6/2,72.50 ,15.5 
2018/6/3,72.60 ,15.7 
2018/6/4,72.20 ,15.4 
2018/6/5,71.95 ,16.1 
2018/6/6,71.25 ,15.7 
2018/6/7,71.40 ,15.8 
2018/6/8,70.95 ,15.6 
2018/6/9,70.40 ,13.5 
2018/6/10,70.30 ,14.7 
2018/6/11,70.95 ,15.6 
2018/6/12,70.80 ,16.0 
2018/6/13,71.10 ,16.3 
2018/6/14,70.65 ,15.1 
2018/6/15,70.90 ,15.6 
2018/6/16,70.30 ,15.0 
2018/6/17,70.00 ,15.0 
2018/6/18,70.10 ,14.7 
2018/6/19,70.10 ,14.5 
2018/6/20,70.40 ,14.4 
2018/6/21,70.35 ,14.7 
2018/6/22,70.30 ,14.5 
2018/6/23,69.20 ,15.0 
2018/6/24,70.15 ,15.2 
2018/6/25,69.35 ,14.5 
2018/6/26,69.95 ,14.2 
2018/6/27,69.85 ,14.2 
2018/6/28,69.95 ,14.7 
2018/6/29,69.45 ,14.9 
2018/6/30,70.50 ,15.7 
2018/7/1,69.50 ,13.1 
2018/7/2,70.70 ,14.0 
2018/7/3,70.40 ,15.1 
2018/7/4,70.50 ,14.7 
2018/7/5,70.25 ,16.0 
2018/7/6,70.55 ,14.8 
2018/7/7,69.95 ,16.0 
2018/7/8,69.10 ,13.1 
2018/7/9,70.45 ,15.5 
2018/7/10,70.10 ,14.6 
2018/7/11,70.20 ,15.6 
2018/7/12,69.70 ,15.1 
2018/7/13,68.75 ,14.9 
2018/7/14,68.65 ,13.3 
2018/7/15,68.05 ,13.3 
2018/7/16,70.05 ,12.7 
2018/7/17,68.60 ,12.6 
2018/7/18,69.50 ,14.7 
2018/7/19,69.20 ,14.1 
2018/7/20,68.35 ,14.0 
2018/7/21,68.50 ,14.0 
2018/7/22,68.60 ,11.9 
2018/7/23,68.85 ,13.8 
2018/7/24,68.15 ,13.4 
2018/7/25,68.05 ,13.6 
2018/7/26,67.80 ,13.7 
2018/7/27,68.60 ,13.7 
2018/7/28,67.70 ,12.1 
2018/7/29,68.40 ,13.1 
2018/7/30,68.35 ,13.3 
2018/7/31,68.60 ,13.6 
2018/8/1,69.10 ,14.0 
2018/8/2,68.00 ,13.7 
2018/8/3,67.25 ,12.7 
2018/8/4,67.35 ,12.7 
2018/8/5,68.40 ,12.9 
2018/8/6,68.55 ,13.0 
2018/8/7,68.10 ,13.1 
2018/8/8,68.25 ,13.5 
2018/8/9,68.25 ,13.9 
2018/8/10,68.25 ,13.1 
2018/8/11,67.10 ,13.5 
2018/8/12,66.90 ,12.7 
2018/8/13,68.00 ,13.1 
2018/8/14,68.45 ,10.5 
2018/8/15,67.25 ,11.7 
2018/8/16,67.15 ,12.1 
2018/8/17,68.85 ,13.4 
2018/8/18,68.45 ,12.5 
2018/8/19,67.45 ,11.5 
2018/8/20,68.50 ,14.3 
2018/8/21,69.00 ,12.9 
2018/8/22,69.25 ,13.8 
2018/8/23,68.30 ,13.3 
2018/8/24,68.85 ,14.0 
2018/8/25,68.15 ,12.7 
2018/8/26,66.45 ,11.0 
2018/8/27,67.10 ,12.7 
2018/8/28,67.85 ,13.4 
2018/8/29,68.20 ,12.7 
2018/8/30,67.50 ,13.7 
2018/8/31,67.35 ,12.7 
2018/9/1,66.30 ,11.4 
2018/9/2,,
2018/9/3,67.60 ,13.4 
2018/9/4,67.00 ,11.8 
2018/9/5,68.35 ,13.3 
2018/9/6,68.30 ,13.9 
2018/9/7,67.40 ,13.4 
2018/9/8,67.80 ,13.4 
2018/9/9,67.60 ,12.4 
2018/9/10,68.10 ,11.0 
2018/9/11,68.15 ,13.4 
2018/9/12,68.65 ,14.0 
2018/9/13,68.85 ,14.5 
2018/9/14,68.80 ,14.4 
2018/9/15,67.15 ,11.8 
2018/9/16,68.50 ,14.0 
2018/9/17,68.75 ,13.5 
2018/9/18,69.50 ,15.0 
2018/9/19,68.45 ,14.5 
2018/9/20,67.60 ,14.4 
2018/9/21,67.40 ,13.7 
2018/9/22,67.95 ,13.0 
2018/9/23,68.20 ,12.2 
2018/9/24,67.40 ,12.0 
2018/9/25,68.40 ,13.0 
2018/9/26,68.05 ,14.5 
2018/9/27,67.40 ,14.8 
2018/9/28,66.90 ,13.4 
2018/9/29,67.00 ,13.8 
2018/9/30,67.25 ,11.8 
2018/10/1,67.75 ,12.8 
2018/10/2,67.95 ,15.1 
2018/10/3,67.85 ,15.1 
2018/10/4,67.60 ,13.8 
2018/10/5,67.55 ,14.0 
2018/10/6,67.45 ,
2018/10/7,,
2018/10/8,,
2018/10/9,,
2018/10/10,68.75 ,14.3 
2018/10/11,68.20 ,14.1 
2018/10/12,67.80 ,14.7 
2018/10/13,,
2018/10/14,68.80 ,14.8 
2018/10/15,68.15 ,14.5 
2018/10/16,68.55 ,14.6 
2018/10/17,69.25 ,15.0 
2018/10/18,68.75 ,14.5 
2018/10/19,68.70 ,15.0 
2018/10/20,68.20 ,14.4 
2018/10/21,67.50 ,14.5 
2018/10/22,67.80 ,15.0 
2018/10/23,68.25 ,14.4 
2018/10/24,68.75 ,14.2 
2018/10/25,67.90 ,14.0 
2018/10/26,68.50 ,15.0 
2018/10/27,67.70 ,14.2 
2018/10/28,67.90 ,13.9 
2018/10/29,68.30 ,14.7 
2018/10/30,68.90 ,15.2 
2018/10/31,68.55 ,14.4 
2018/11/1,68.35 ,13.5 
2018/11/2,68.35 ,13.7 
2018/11/3,68.20 ,14.6 
2018/11/4,68.15 ,12.5 
2018/11/5,69.00 ,14.5 
2018/11/6,68.90 ,14.5 
2018/11/7,68.80 ,14.5 
2018/11/8,68.50 ,14.7 
2018/11/9,68.40 ,14.0 
2018/11/10,68.00 ,12.6 
2018/11/11,,
2018/11/12,69.95 ,14.4 
2018/11/13,69.40 ,14.4 
2018/11/14,68.40 ,13.8 
2018/11/15,69.00 ,15.0 
2018/11/16,69.10 ,14.5 
2018/11/17,67.60 ,11.5 
2018/11/18,68.40 ,13.4 
2018/11/19,69.50 ,13.8 
2018/11/20,69.35 ,13.9 
2018/11/21,68.75 ,14.7 
2018/11/22,,
2018/11/23,,
2018/11/24,,
2018/11/25,68.90 ,13.0 
2018/11/26,69.15 ,14.9 
2018/11/27,68.90 ,14.7 
2018/11/28,69.20 ,13.7 
2018/11/29,68.45 ,15.3 
2018/11/30,68.30 ,14.7 
2018/12/1,68.65 ,15.2 
2018/12/2,68.80 ,13.9 
2018/12/3,68.85 ,13.6 
2018/12/4,68.50 ,14.2 
2018/12/5,69.30 ,15.2 
2018/12/6,69.05 ,15.2 
2018/12/7,68.50 ,14.7 
2018/12/8,68.20 ,14.5 
2018/12/9,68.85 ,15.1 
2018/12/10,69.30 ,14.7 
2018/12/11,69.05 ,14.9 
2018/12/12,68.90 ,14.7 
2018/12/13,69.20 ,15.4 
2018/12/14,69.10 ,15.1 
2018/12/15,,
2018/12/16,68.20 ,12.7 
2018/12/17,68.50 ,14.7 
2018/12/18,68.80 ,13.7 
2018/12/19,69.20 ,14.4 
2018/12/20,68.65 ,12.7 
2018/12/21,68.65 ,14.5 
2018/12/22,68.40 ,14.8 
2018/12/23,68.30 ,12.7 
2018/12/24,69.30 ,14.9 
2018/12/25,69.50 ,14.1 
2018/12/26,69.30 ,14.5 
2018/12/27,69.00 ,14.3 
2018/12/28,,
2018/12/29,,
2018/12/30,,
2018/12/31,,
2017/1/1,70.55 ,15.0 
2017/1/2,70.20 ,
2017/1/3,70.95 ,13.7 
2017/1/4,70.80 ,16.3 
2017/1/5,69.80 ,15.6 
2017/1/6,70.65 ,16.5 
2017/1/7,,
2017/1/8,70.05 ,14.2 
2017/1/9,70.15 ,15.3 
2017/1/10,71.10 ,14.3 
2017/1/11,70.75 ,15.6 
2017/1/12,69.85 ,15.2 
2017/1/13,69.70 ,15.6 
2017/1/14,69.75 ,15.2 
2017/1/15,70.10 ,14.3 
2017/1/16,70.80 ,16.3 
2017/1/17,,
2017/1/18,71.00 ,15.5 
2017/1/19,70.05 ,15.5 
2017/1/20,69.60 ,14.9 
2017/1/21,69.80 ,15.3 
2017/1/22,70.70 ,16.7 
2017/1/23,70.85 ,15.5 
2017/1/24,70.45 ,14.9 
2017/1/25,70.45 ,15.5 
2017/1/26,70.55 ,16.1 
2017/1/27,70.75 ,15.6 
2017/1/28,70.20 ,15.4 
2017/1/29,70.05 ,16.3 
2017/1/30,70.95 ,15.3 
2017/1/31,70.70 ,15.9 
2017/2/1,70.35 ,15.6 
2017/2/2,70.20 ,14.8 
2017/2/3,69.65 ,15.2 
2017/2/4,69.80 ,
2017/2/5,,
2017/2/6,69.95 ,14.8 
2017/2/7,69.35 ,14.5 
2017/2/8,69.80 ,14.5 
2017/2/9,69.85 ,14.5 
2017/2/10,,
2017/2/11,70.35 ,15.6 
2017/2/12,69.25 ,14.5 
2017/2/13,69.75 ,15.0 
2017/2/14,69.50 ,14.6 
2017/2/15,69.05 ,14.7 
2017/2/16,69.50 ,14.9 
2017/2/17,69.80 ,15.2 
2017/2/18,69.45 ,14.8 
2017/2/19,69.80 ,14.9 
2017/2/20,70.25 ,15.5 
2017/2/21,70.05 ,15.4 
2017/2/22,70.35 ,15.1 
2017/2/23,69.95 ,15.0 
2017/2/24,69.95 ,16.2 
2017/2/25,70.15 ,15.1 
2017/2/26,,
2017/2/27,70.95 ,15.8 
2017/2/28,70.40 ,15.5 
2017/3/1,70.45 ,16.7 
2017/3/2,69.90 ,15.2 
2017/3/3,69.25 ,14.5 
2017/3/4,68.90 ,15.2 
2017/3/5,69.10 ,
2017/3/6,69.70 ,14.8 
2017/3/7,70.50 ,15.2 
2017/3/8,69.85 ,14.9 
2017/3/9,69.65 ,14.7 
2017/3/10,69.55 ,13.8 
2017/3/11,69.60 ,14.4 
2017/3/12,69.80 ,15.6 
2017/3/13,69.85 ,14.1 
2017/3/14,70.35 ,15.5 
2017/3/15,70.25 ,15.9 
2017/3/16,70.35 ,16.3 
2017/3/17,70.70 ,16.9 
2017/3/18,69.05 ,14.7 
2017/3/19,69.65 ,17.1 
2017/3/20,70.00 ,15.6 
2017/3/21,69.85 ,14.8 
2017/3/22,69.30 ,15.2 
2017/3/23,69.95 ,15.6 
2017/3/24,69.90 ,15.7 
2017/3/25,69.90 ,16.7 
2017/3/26,,
2017/3/27,71.15 ,15.5 
2017/3/28,70.50 ,15.2 
2017/3/29,69.75 ,15.2 
2017/3/30,69.70 ,15.5 
2017/3/31,,
2017/4/1,70.70 ,16.0 
2017/4/2,69.80 ,15.0 
2017/4/3,69.70 ,15.5 
2017/4/4,69.60 ,15.3 
2017/4/5,70.30 ,15.8 
2017/4/6,70.00 ,15.0 
2017/4/7,71.00 ,16.3 
2017/4/8,70.05 ,14.9 
2017/4/9,70.25 ,16.1 
2017/4/10,69.65 ,14.6 
2017/4/11,69.55 ,14.0 
2017/4/12,69.70 ,15.8 
2017/4/13,69.50 ,16.3 
2017/4/14,69.20 ,15.0 
2017/4/15,69.05 ,
2017/4/16,69.65 ,15.4 
2017/4/17,69.45 ,15.1 
2017/4/18,69.75 ,15.1 
2017/4/19,70.60 ,14.2 
2017/4/20,70.10 ,15.5 
2017/4/21,69.65 ,15.5 
2017/4/22,69.20 ,
2017/4/23,,
2017/4/24,70.95 ,14.7 
2017/4/25,71.35 ,14.7 
2017/4/26,70.00 ,15.3 
2017/4/27,69.85 ,15.1 
2017/4/28,69.85 ,14.3 
2017/4/29,70.10 ,
2017/4/30,,
2017/5/1,,
2017/5/2,69.95 ,15.1 
2017/5/3,70.10 ,15.2 
2017/5/4,70.45 ,15.1 
2017/5/5,70.80 ,15.8 
2017/5/6,,
2017/5/7,71.25 ,16.6 
2017/5/8,72.35 ,15.7 
2017/5/9,72.05 ,16.0 
2017/5/10,70.95 ,15.1 
2017/5/11,70.30 ,15.4 
2017/5/12,70.10 ,16.1 
2017/5/13,71.10 ,16.3 
2017/5/14,70.85 ,15.5 
2017/5/15,71.05 ,15.6 
2017/5/16,70.70 ,15.3 
2017/5/17,70.65 ,15.3 
2017/5/18,70.55 ,16.3 
2017/5/19,69.60 ,15.2 
2017/5/20,70.00 ,15.6 
2017/5/21,69.45 ,12.5 
2017/5/22,69.90 ,14.3 
2017/5/23,70.35 ,14.5 
2017/5/24,70.50 ,15.0 
2017/5/25,70.40 ,15.2 
2017/5/26,70.30 ,14.7 
2017/5/27,70.20 ,15.4 
2017/5/28,69.85 ,15.3 
2017/5/29,70.95 ,15.2 
2017/5/30,,
2017/5/31,70.70 ,14.8 
2017/6/1,70.25 ,15.7 
2017/6/2,70.25 ,15.5 
2017/6/3,70.20 ,15.4 
2017/6/4,69.85 ,14.8 
2017/6/5,70.50 ,14.9 
2017/6/6,70.85 ,15.4 
2017/6/7,70.50 ,14.4 
2017/6/8,70.10 ,15.4 
2017/6/9,70.25 ,15.4 
2017/6/10,69.70 ,13.8 
2017/6/11,,
2017/6/12,69.95 ,14.7 
2017/6/13,70.35 ,14.8 
2017/6/14,70.60 ,15.5 
2017/6/15,70.35 ,15.3 
2017/6/16,69.45 ,14.8 
2017/6/17,69.30 ,14.9 
2017/6/18,,
2017/6/19,69.60 ,15.0 
2017/6/20,69.35 ,14.6 
2017/6/21,70.15 ,15.3 
2017/6/22,69.75 ,15.6 
2017/6/23,69.30 ,14.5 
2017/6/24,69.45 ,15.0 
2017/6/25,69.95 ,14.2 
2017/6/26,70.15 ,15.2 
2017/6/27,69.65 ,14.9 
2017/6/28,69.35 ,15.1 
2017/6/29,69.00 ,13.9 
2017/6/30,69.20 ,14.5 
2017/7/1,69.80 ,14.2 
2017/7/2,70.20 ,12.5 
2017/7/3,70.80 ,15.1 
2017/7/4,70.40 ,14.5 
2017/7/5,70.35 ,14.8 
2017/7/6,70.00 ,15.2 
2017/7/7,69.40 ,14.1 
2017/7/8,69.90 ,15.1 
2017/7/9,69.15 ,15.0 
2017/7/10,70.35 ,15.4 
2017/7/11,69.65 ,14.5 
2017/7/12,69.20 ,14.8 
2017/7/13,69.90 ,14.7 
2017/7/14,69.70 ,15.1 
2017/7/15,,
2017/7/16,,
2017/7/17,,
2017/7/18,70.45 ,14.0 
2017/7/19,70.30 ,14.7 
2017/7/20,70.05 ,14.8 
2017/7/21,69.55 ,14.2 
2017/7/22,68.90 ,12.4 
2017/7/23,69.30 ,14.4 
2017/7/24,70.10 ,14.8 
2017/7/25,69.85 ,14.3 
2017/7/26,68.70 ,14.1 
2017/7/27,68.60 ,14.3 
2017/7/28,68.70 ,13.3 
2017/7/29,,
2017/7/30,,
2017/7/31,71.20 ,14.3 
2017/8/1,70.60 ,14.5 
2017/8/2,69.45 ,14.4 
2017/8/3,69.15 ,14.8 
2017/8/4,69.65 ,14.4 
2017/8/5,70.35 ,14.4 
2017/8/6,69.70 ,15.5 
2017/8/7,69.45 ,14.7 
2017/8/8,70.00 ,14.0 
2017/8/9,69.70 ,14.8 
2017/8/10,70.25 ,14.9 
2017/8/11,,
2017/8/12,,
2017/8/13,,
2017/8/14,,
2017/8/15,70.20 ,13.8 
2017/8/16,69.50 ,13.9 
2017/8/17,69.65 ,14.1 
2017/8/18,69.65 ,15.1 
2017/8/19,69.30 ,13.9 
2017/8/20,69.40 ,14.6 
2017/8/21,69.40 ,14.4 
2017/8/22,70.15 ,14.4 
2017/8/23,70.80 ,13.3 
2017/8/24,70.00 ,13.9 
2017/8/25,69.35 ,14.5 
2017/8/26,69.75 ,14.3 
2017/8/27,70.50 ,13.7 
2017/8/28,71.35 ,14.7 
2017/8/29,70.80 ,15.0 
2017/8/30,70.80 ,15.0 
2017/8/31,70.10 ,14.8 
2017/9/1,,
2017/9/2,,
2017/9/3,70.95 ,15.0 
2017/9/4,70.70 ,14.4 
2017/9/5,70.90 ,15.5 
2017/9/6,70.30 ,14.0 
2017/9/7,69.60 ,14.9 
2017/9/8,69.95 ,14.8 
2017/9/9,,
2017/9/10,69.60 ,13.6 
2017/9/11,70.70 ,14.6 
2017/9/12,70.75 ,15.3 
2017/9/13,70.55 ,15.6 
2017/9/14,69.20 ,14.5 
2017/9/15,69.50 ,15.0 
2017/9/16,69.35 ,15.0 
2017/9/17,,
2017/9/18,69.75 ,12.7 
2017/9/19,70.25 ,15.2 
2017/9/20,70.15 ,15.0 
2017/9/21,70.45 ,14.9 
2017/9/22,70.25 ,14.6 
2017/9/23,70.15 ,15.6 
2017/9/24,,
2017/9/25,71.50 ,15.8 
2017/9/26,70.45 ,15.5 
2017/9/27,70.45 ,15.9 
2017/9/28,70.05 ,15.1 
2017/9/29,70.45 ,16.5 
2017/9/30,70.25 ,15.9 
2017/10/1,70.10 ,15.8 
2017/10/2,70.60 ,14.5 
2017/10/3,70.75 ,15.0 
2017/10/4,70.30 ,15.6 
2017/10/5,70.50 ,15.9 
2017/10/6,,
2017/10/7,70.85 ,14.7 
2017/10/8,,
2017/10/9,,
2017/10/10,71.20 ,15.6 
2017/10/11,70.30 ,15.0 
2017/10/12,69.85 ,15.0 
2017/10/13,70.50 ,15.2 
2017/10/14,70.20 ,15.9 
2017/10/15,70.20 ,15.5 
2017/10/16,70.95 ,16.2 
2017/10/17,70.60 ,15.4 
2017/10/18,69.45 ,15.9 
2017/10/19,69.50 ,15.0 
2017/10/20,69.65 ,14.6 
2017/10/21,69.00 ,13.5 
2017/10/22,70.40 ,15.5 
2017/10/23,70.95 ,14.9 
2017/10/24,70.30 ,15.8 
2017/10/25,69.95 ,14.5 
2017/10/26,69.80 ,16.1 
2017/10/27,70.15 ,16.6 
2017/10/28,69.95 ,15.4 
2017/10/29,70.85 ,15.6 
2017/10/30,71.35 ,16.3 
2017/10/31,70.70 ,16.2 
2017/11/1,70.90 ,15.6 
2017/11/2,70.65 ,16.3 
2017/11/3,,
2017/11/4,,
2017/11/5,,
2017/11/6,71.10 ,15.3 
2017/11/7,69.30 ,15.3 
2017/11/8,69.30 ,14.3 
2017/11/9,69.40 ,15.3 
2017/11/10,71.10 ,16.0 
2017/11/11,69.80 ,14.1 
2017/11/12,70.55 ,15.3 
2017/11/13,70.80 ,15.2 
2017/11/14,70.55 ,15.3 
2017/11/15,69.60 ,14.5 
2017/11/16,70.30 ,15.1 
2017/11/17,69.95 ,15.0 
2017/11/18,69.90 ,15.1 
2017/11/19,69.95 ,14.6 
2017/11/20,69.65 ,14.9 
2017/11/21,70.60 ,14.8 
2017/11/22,70.20 ,13.9 
2017/11/23,70.30 ,14.0 
2017/11/24,70.90 ,14.4 
2017/11/25,71.00 ,15.3 
2017/11/26,70.80 ,14.4 
2017/11/27,70.15 ,13.6 
2017/11/28,70.35 ,15.3 
2017/11/29,70.35 ,14.2 
2017/11/30,,
2017/12/1,,
2017/12/2,71.10 ,14.3 
2017/12/3,70.90 ,15.7 
2017/12/4,70.20 ,14.7 
2017/12/5,70.40 ,15.7 
2017/12/6,70.60 ,14.9 
2017/12/7,70.60 ,15.3 
2017/12/8,70.95 ,15.9 
2017/12/9,,
2017/12/10,,
2017/12/11,70.55 ,13.4 
2017/12/12,71.15 ,13.9 
2017/12/13,70.90 ,14.2 
2017/12/14,70.30 ,13.9 
2017/12/15,71.05 ,13.8 
2017/12/16,,
2017/12/17,,
2017/12/18,71.15 ,15.0 
2017/12/19,70.45 ,15.7 
2017/12/20,70.70 ,16.3 
2017/12/21,70.55 ,14.3 
2017/12/22,71.30 ,14.5 
2017/12/23,70.60 ,15.0 
2017/12/24,,
2017/12/25,71.20 ,15.7 
2017/12/26,71.10 ,15.8 
2017/12/27,70.40 ,14.8 
2017/12/28,70.75 ,16.1 
2017/12/29,70.40 ,15.4 
2017/12/30,,
2017/12/31,,
2016/1/1,73.65 ,17.5 
2016/1/2,73.55 ,17.6 
2016/1/3,74.35 ,16.3 
2016/1/4,73.95 ,17.1 
2016/1/5,73.35 ,17.3 
2016/1/6,73.35 ,17.0 
2016/1/7,73.15 ,16.3 
2016/1/8,73.20 ,16.6 
2016/1/9,73.35 ,17.3 
2016/1/10,,
2016/1/11,73.10 ,16.3 
2016/1/12,73.10 ,16.7 
2016/1/13,72.90 ,16.2 
2016/1/14,72.35 ,16.1 
2016/1/15,71.95 ,16.2 
2016/1/16,72.50 ,16.0 
2016/1/17,72.05 ,16.3 
2016/1/18,72.95 ,16.6 
2016/1/19,72.10 ,15.9 
2016/1/20,72.15 ,16.8 
2016/1/21,72.05 ,16.3 
2016/1/22,71.25 ,15.6 
2016/1/23,71.35 ,16.4 
2016/1/24,71.05 ,14.9 
2016/1/25,71.10 ,15.5 
2016/1/26,70.75 ,14.7 
2016/1/27,71.45 ,15.4 
2016/1/28,71.85 ,15.2 
2016/1/29,70.75 ,15.6 
2016/1/30,70.55 ,15.2 
2016/1/31,,
2016/2/1,71.75 ,14.9 
2016/2/2,71.05 ,14.8 
2016/2/3,70.35 ,15.1 
2016/2/4,70.60 ,15.6 
2016/2/5,70.45 ,16.1 
2016/2/6,70.30 ,15.7 
2016/2/7,70.70 ,16.2 
2016/2/8,70.50 ,16.1 
2016/2/9,69.90 ,14.7 
2016/2/10,69.95 ,16.1 
2016/2/11,70.20 ,15.9 
2016/2/12,69.65 ,15.9 
2016/2/13,69.70 ,15.0 
2016/2/14,70.00 ,15.5 
2016/2/15,70.25 ,15.6 
2016/2/16,69.75 ,15.4 
2016/2/17,69.65 ,15.7 
2016/2/18,69.25 ,15.5 
2016/2/19,69.65 ,15.9 
2016/2/20,69.55 ,15.5 
2016/2/21,69.60 ,15.7 
2016/2/22,69.75 ,15.6 
2016/2/23,69.65 ,15.5 
2016/2/24,69.60 ,16.2 
2016/2/25,69.20 ,15.7 
2016/2/26,69.10 ,16.2 
2016/2/27,68.80 ,15.3 
2016/2/28,68.60 ,15.2 
2016/2/29,69.20 ,15.2 
2016/3/1,69.30 ,15.1 
2016/3/2,69.40 ,14.9 
2016/3/3,69.10 ,14.4 
2016/3/4,69.30 ,15.2 
2016/3/5,68.85 ,14.8 
2016/3/6,69.35 ,16.0 
2016/3/7,69.75 ,15.6 
2016/3/8,69.40 ,15.7 
2016/3/9,69.50 ,15.1 
2016/3/10,68.75 ,16.1 
2016/3/11,68.95 ,16.8 
2016/3/12,,
2016/3/13,,
2016/3/14,69.75 ,14.7 
2016/3/15,69.25 ,16.1 
2016/3/16,69.80 ,14.7 
2016/3/17,,
2016/3/18,70.25 ,15.4 
2016/3/19,70.05 ,15.4 
2016/3/20,,
2016/3/21,,
2016/3/22,70.20 ,15.1 
2016/3/23,69.15 ,15.4 
2016/3/24,69.20 ,16.5 
2016/3/25,70.05 ,16.4 
2016/3/26,69.50 ,15.4 
2016/3/27,,
2016/3/28,70.70 ,15.4 
2016/3/29,70.15 ,15.7 
2016/3/30,69.80 ,15.5 
2016/3/31,69.35 ,16.4 
2016/4/1,69.75 ,16.8 
2016/4/2,69.45 ,15.4 
2016/4/3,69.85 ,15.8 
2016/4/4,70.30 ,15.0 
2016/4/5,71.30 ,16.0 
2016/4/6,70.55 ,16.0 
2016/4/7,70.25 ,14.9 
2016/4/8,71.00 ,15.9 
2016/4/9,70.00 ,16.0 
2016/4/10,70.20 ,16.7 
2016/4/11,70.20 ,16.2 
2016/4/12,70.30 ,16.1 
2016/4/13,70.30 ,15.3 
2016/4/14,70.15 ,16.5 
2016/4/15,69.75 ,15.9 
2016/4/16,70.25 ,16.2 
2016/4/17,70.55 ,15.2 
2016/4/18,71.80 ,16.6 
2016/4/19,71.25 ,16.1 
2016/4/20,70.90 ,17.4 
2016/4/21,70.75 ,16.3 
2016/4/22,71.05 ,15.9 
2016/4/23,70.90 ,15.6 
2016/4/24,71.20 ,15.4 
2016/4/25,72.15 ,16.8 
2016/4/26,71.20 ,15.4 
2016/4/27,71.20 ,15.7 
2016/4/28,71.10 ,16.3 
2016/4/29,,
2016/4/30,,
2016/5/1,,
2016/5/2,,
2016/5/3,,
2016/5/4,71.95 ,15.4 
2016/5/5,71.80 ,16.0 
2016/5/6,70.85 ,16.9 
2016/5/7,71.10 ,16.4 
2016/5/8,71.20 ,16.6 
2016/5/9,71.20 ,16.5 
2016/5/10,71.25 ,16.3 
2016/5/11,71.45 ,16.4 
2016/5/12,70.90 ,17.3 
2016/5/13,70.30 ,15.4 
2016/5/14,70.50 ,14.8 
2016/5/15,,
2016/5/16,70.60 ,
2016/5/17,70.00 ,
2016/5/18,70.50 ,
2016/5/19,71.60 ,
2016/5/20,,
2016/5/21,,
2016/5/22,,
2016/5/23,,
2016/5/24,,
2016/5/25,72.30 ,17.1 
2016/5/26,72.40 ,16.1 
2016/5/27,,
2016/5/28,,
2016/5/29,,
2016/5/30,,
2016/5/31,,
2016/6/1,,
2016/6/2,,
2016/6/3,,
2016/6/4,,
2016/6/5,72.65 ,16.5 
2016/6/6,72.05 ,16.0 
2016/6/7,72.35 ,15.8 
2016/6/8,72.00 ,16.1 
2016/6/9,72.00 ,16.1 
2016/6/10,71.85 ,15.9 
2016/6/11,72.05 ,15.8 
2016/6/12,72.25 ,17.5 
2016/6/13,73.30 ,17.6 
2016/6/14,72.05 ,17.0 
2016/6/15,71.25 ,16.9 
2016/6/16,71.80 ,16.8 
2016/6/17,72.30 ,16.9 
2016/6/18,72.25 ,16.6 
2016/6/19,72.55 ,16.8 
2016/6/20,72.45 ,16.6 
2016/6/21,72.30 ,17.7 
2016/6/22,71.40 ,17.1 
2016/6/23,70.90 ,17.0 
2016/6/24,71.70 ,17.0 
2016/6/25,71.05 ,16.6 
2016/6/26,,
2016/6/27,72.15 ,16.0 
2016/6/28,72.10 ,16.6 
2016/6/29,71.80 ,16.8 
2016/6/30,71.70 ,16.6 
2016/7/1,72.70 ,17.3 
2016/7/2,71.30 ,15.0 
2016/7/3,72.05 ,16.3 
2016/7/4,72.45 ,16.5 
2016/7/5,72.00 ,16.5 
2016/7/6,71.65 ,16.0 
2016/7/7,71.40 ,16.4 
2016/7/8,70.35 ,16.7 
2016/7/9,70.80 ,16.1 
2016/7/10,71.80 ,17.0 
2016/7/11,71.45 ,16.1 
2016/7/12,71.50 ,16.5 
2016/7/13,71.30 ,15.7 
2016/7/14,71.15 ,15.8 
2016/7/15,70.30 ,16.4 
2016/7/16,70.20 ,
2016/7/17,70.50 ,
2016/7/18,,
2016/7/19,72.80 ,14.7 
2016/7/20,72.95 ,17.2 
2016/7/21,72.65 ,16.1 
2016/7/22,70.95 ,15.7 
2016/7/23,70.35 ,14.7 
2016/7/24,70.75 ,15.4 
2016/7/25,71.65 ,17.0 
2016/7/26,70.95 ,15.6 
2016/7/27,71.05 ,15.7 
2016/7/28,70.75 ,16.8 
2016/7/29,70.20 ,15.5 
2016/7/30,69.90 ,15.0 
2016/7/31,70.55 ,16.4 
2016/8/1,71.45 ,16.0 
2016/8/2,71.95 ,16.2 
2016/8/3,71.30 ,15.9 
2016/8/4,71.50 ,15.2 
2016/8/5,70.65 ,15.0 
2016/8/6,70.60 ,15.0 
2016/8/7,70.85 ,13.8 
2016/8/8,71.05 ,16.1 
2016/8/9,70.90 ,15.2 
2016/8/10,70.45 ,15.6 
2016/8/11,70.10 ,13.8 
2016/8/12,,
2016/8/13,,
2016/8/14,71.80 ,
2016/8/15,71.95 ,13.8 
2016/8/16,71.85 ,15.4 
2016/8/17,71.65 ,15.3 
2016/8/18,71.50 ,15.7 
2016/8/19,70.50 ,15.7 
2016/8/20,70.00 ,15.0 
2016/8/21,69.75 ,14.1 
2016/8/22,71.60 ,15.4 
2016/8/23,70.85 ,15.6 
2016/8/24,70.55 ,14.7 
2016/8/25,69.70 ,15.4 
2016/8/26,70.35 ,15.8 
2016/8/27,70.45 ,15.5 
2016/8/28,,
2016/8/29,71.65 ,15.5 
2016/8/30,71.45 ,15.6 
2016/8/31,71.65 ,16.1 
2016/9/1,70.55 ,15.2 
2016/9/2,69.85 ,15.0 
2016/9/3,70.15 ,14.4 
2016/9/4,70.20 ,15.0 
2016/9/5,69.95 ,15.4 
2016/9/6,70.10 ,15.9 
2016/9/7,70.05 ,15.6 
2016/9/8,69.85 ,15.8 
2016/9/9,,
2016/9/10,70.60 ,16.2 
2016/9/11,69.60 ,15.0 
2016/9/12,70.20 ,15.5 
2016/9/13,70.40 ,15.6 
2016/9/14,70.70 ,15.8 
2016/9/15,70.35 ,14.8 
2016/9/16,69.75 ,16.3 
2016/9/17,69.45 ,14.1 
2016/9/18,69.80 ,13.5 
2016/9/19,70.90 ,16.3 
2016/9/20,70.50 ,15.6 
2016/9/21,,
2016/9/22,70.40 ,15.1 
2016/9/23,70.45 ,15.8 
2016/9/24,70.40 ,17.1 
2016/9/25,69.90 ,13.1 
2016/9/26,71.20 ,14.5 
2016/9/27,70.40 ,14.8 
2016/9/28,70.25 ,14.6 
2016/9/29,69.95 ,14.9 
2016/9/30,69.75 ,16.0 
2016/10/1,69.05 ,13.1 
2016/10/2,70.05 ,13.1 
2016/10/3,71.30 ,16.1 
2016/10/4,70.80 ,15.1 
2016/10/5,70.95 ,16.1 
2016/10/6,70.70 ,16.6 
2016/10/7,70.50 ,15.4 
2016/10/8,69.50 ,15.4 
2016/10/9,70.10 ,13.9 
2016/10/10,70.80 ,14.9 
2016/10/11,70.85 ,16.5 
2016/10/12,70.20 ,16.3 
2016/10/13,69.90 ,14.5 
2016/10/14,70.00 ,15.4 
2016/10/15,70.10 ,16.1 
2016/10/16,70.40 ,16.1 
2016/10/17,71.30 ,16.0 
2016/10/18,70.55 ,14.9 
2016/10/19,70.30 ,15.8 
2016/10/20,70.70 ,15.6 
2016/10/21,70.80 ,15.1 
2016/10/22,70.50 ,15.6 
2016/10/23,70.75 ,13.8 
2016/10/24,70.90 ,15.4 
2016/10/25,70.75 ,16.4 
2016/10/26,70.30 ,15.4 
2016/10/27,69.90 ,15.4 
2016/10/28,69.95 ,15.3 
2016/10/29,71.55 ,15.5 
2016/10/30,70.95 ,16.1 
2016/10/31,,
2016/11/1,,
2016/11/2,71.55 ,15.5 
2016/11/3,70.65 ,16.1 
2016/11/4,70.60 ,16.5 
2016/11/5,69.50 ,15.8 
2016/11/6,,
2016/11/7,71.50 ,16.2 
2016/11/8,70.85 ,14.9 
2016/11/9,70.85 ,14.9 
2016/11/10,70.40 ,16.1 
2016/11/11,70.70 ,15.4 
2016/11/12,70.00 ,15.3 
2016/11/13,70.60 ,16.4 
2016/11/14,71.00 ,15.2 
2016/11/15,70.65 ,15.8 
2016/11/16,70.45 ,14.9 
2016/11/17,69.85 ,15.5 
2016/11/18,69.65 ,15.2 
2016/11/19,69.80 ,15.7 
2016/11/20,71.00 ,16.0 
2016/11/21,70.75 ,15.8 
2016/11/22,71.15 ,14.4 
2016/11/23,71.50 ,14.8 
2016/11/24,70.80 ,15.4 
2016/11/25,70.35 ,15.0 
2016/11/26,70.30 ,15.8 
2016/11/27,70.75 ,14.9 
2016/11/28,70.75 ,15.1 
2016/11/29,70.30 ,16.2 
2016/11/30,70.05 ,15.5 
2016/12/1,69.90 ,15.2 
2016/12/2,69.80 ,15.7 
2016/12/3,70.55 ,15.1 
2016/12/4,70.45 ,16.1 
2016/12/5,70.65 ,14.2 
2016/12/6,70.50 ,15.4 
2016/12/7,69.80 ,15.7 
2016/12/8,70.05 ,14.5 
2016/12/9,70.85 ,15.1 
2016/12/10,,
2016/12/11,70.75 ,14.7 
2016/12/12,70.80 ,14.9 
2016/12/13,70.35 ,14.7 
2016/12/14,70.10 ,14.5 
2016/12/15,68.85 ,15.1 
2016/12/16,69.10 ,15.0 
2016/12/17,68.70 ,14.4 
2016/12/18,,
2016/12/19,70.55 ,15.0 
2016/12/20,70.10 ,14.3 
2016/12/21,70.25 ,14.3 
2016/12/22,69.50 ,14.9 
2016/12/23,69.90 ,15.0 
2016/12/24,70.55 ,15.2 
2016/12/25,,
2016/12/26,70.55 ,15.2 
2016/12/27,70.55 ,15.1 
2016/12/28,70.20 ,15.0 
2016/12/29,69.95 ,15.3 
2016/12/30,70.30 ,15.8 
2016/12/31,70.75 ,16.1 
2015/1/1,,
2015/1/2,74.60 ,18.0 
2015/1/3,73.80 ,18.1 
2015/1/4,73.50 ,18.1 
2015/1/5,73.50 ,17.8 
2015/1/6,73.70 ,18.8 
2015/1/7,,
2015/1/8,,
2015/1/9,74.20 ,17.7 
2015/1/10,,
2015/1/11,74.40 ,18.9 
2015/1/12,74.00 ,17.9 
2015/1/13,74.10 ,18.3 
2015/1/14,74.00 ,17.8 
2015/1/15,73.70 ,18.7 
2015/1/16,74.10 ,18.6 
2015/1/17,73.20 ,18.0 
2015/1/18,73.80 ,18.2 
2015/1/19,73.70 ,18.1 
2015/1/20,73.20 ,17.9 
2015/1/21,73.90 ,18.5 
2015/1/22,73.80 ,18.3 
2015/1/23,73.60 ,17.6 
2015/1/24,73.40 ,18.4 
2015/1/25,,
2015/1/26,75.10 ,18.5 
2015/1/27,74.30 ,18.1 
2015/1/28,74.10 ,17.9 
2015/1/29,74.30 ,17.7 
2015/1/30,74.30 ,18.3 
2015/1/31,73.40 ,18.5 
2015/2/1,,
2015/2/2,74.10 ,17.3 
2015/2/3,73.80 ,17.3 
2015/2/4,73.30 ,17.1 
2015/2/5,,
2015/2/6,,
2015/2/7,,
2015/2/8,74.00 ,19.0 
2015/2/9,74.30 ,18.5 
2015/2/10,73.80 ,17.8 
2015/2/11,73.70 ,17.7 
2015/2/12,74.10 ,17.9 
2015/2/13,73.60 ,17.5 
2015/2/14,74.50 ,18.5 
2015/2/15,74.70 ,18.3 
2015/2/16,75.10 ,17.9 
2015/2/17,74.60 ,18.5 
2015/2/18,74.30 ,18.0 
2015/2/19,74.40 ,17.7 
2015/2/20,,
2015/2/21,,
2015/2/22,75.30 ,17.8 
2015/2/23,75.50 ,18.5 
2015/2/24,74.20 ,18.6 
2015/2/25,74.10 ,18.1 
2015/2/26,74.30 ,17.8 
2015/2/27,74.20 ,17.8 
2015/2/28,73.60 ,17.6 
2015/3/1,,
2015/3/2,75.30 ,18.6 
2015/3/3,73.40 ,18.4 
2015/3/4,73.20 ,17.7 
2015/3/5,73.40 ,18.0 
2015/3/6,73.20 ,17.8 
2015/3/7,73.40 ,17.8 
2015/3/8,74.20 ,18.4 
2015/3/9,74.20 ,18.1 
2015/3/10,73.00 ,17.8 
2015/3/11,72.80 ,17.0 
2015/3/12,,
2015/3/13,72.80 ,17.4 
2015/3/14,74.40 ,18.4 
2015/3/15,74.20 ,17.4 
2015/3/16,74.20 ,18.0 
2015/3/17,73.90 ,18.4 
2015/3/18,72.90 ,17.4 
2015/3/19,73.40 ,17.7 
2015/3/20,73.20 ,17.4 
2015/3/21,,
2015/3/22,71.50 ,
2015/3/23,73.20 ,17.5 
2015/3/24,73.50 ,16.9 
2015/3/25,73.40 ,17.6 
2015/3/26,73.30 ,17.1 
2015/3/27,73.50 ,
2015/3/28,73.50 ,18.4 
2015/3/29,74.00 ,
2015/3/30,74.30 ,18.3 
2015/3/31,73.60 ,17.8 
2015/4/1,73.40 ,17.7 
2015/4/2,73.50 ,18.4 
2015/4/3,73.20 ,17.4 
2015/4/4,73.40 ,16.8 
2015/4/5,74.50 ,17.7 
2015/4/6,74.00 ,18.4 
2015/4/7,72.95 ,18.1 
2015/4/8,71.55 ,17.4 
2015/4/9,72.00 ,17.3 
2015/4/10,72.30 ,17.2 
2015/4/11,72.05 ,17.1 
2015/4/12,73.70 ,15.6 
2015/4/13,73.00 ,18.0 
2015/4/14,72.40 ,17.3 
2015/4/15,72.65 ,16.7 
2015/4/16,72.50 ,18.3 
2015/4/17,72.10 ,17.3 
2015/4/18,72.60 ,17.8 
2015/4/19,72.15 ,16.9 
2015/4/20,72.50 ,16.5 
2015/4/21,71.95 ,17.4 
2015/4/22,71.55 ,16.5 
2015/4/23,72.50 ,17.5 
2015/4/24,71.50 ,16.5 
2015/4/25,70.90 ,16.5 
2015/4/26,70.80 ,15.8 
2015/4/27,70.80 ,16.4 
2015/4/28,70.70 ,15.8 
2015/4/29,,
2015/4/30,71.60 ,16.4 
2015/5/1,71.40 ,17.7 
2015/5/2,71.70 ,17.6 
2015/5/3,71.70 ,17.7 
2015/5/4,,
2015/5/5,72.20 ,15.1 
2015/5/6,71.90 ,17.1 
2015/5/7,72.90 ,16.8 
2015/5/8,73.25 ,16.9 
2015/5/9,72.45 ,17.4 
2015/5/10,71.70 ,16.5 
2015/5/11,72.00 ,17.3 
2015/5/12,71.65 ,16.7 
2015/5/13,72.00 ,17.0 
2015/5/14,71.45 ,16.6 
2015/5/15,71.90 ,17.2 
2015/5/16,71.55 ,16.5 
2015/5/17,71.15 ,16.5 
2015/5/18,71.40 ,17.1 
2015/5/19,71.25 ,16.1 
2015/5/20,71.45 ,15.9 
2015/5/21,71.40 ,16.9 
2015/5/22,70.90 ,16.6 
2015/5/23,70.60 ,16.3 
2015/5/24,70.70 ,16.6 
2015/5/25,70.55 ,16.5 
2015/5/26,70.60 ,16.0 
2015/5/27,70.40 ,15.9 
2015/5/28,70.85 ,16.2 
2015/5/29,70.55 ,16.0 
2015/5/30,70.25 ,15.7 
2015/5/31,,
2015/6/1,71.30 ,15.6 
2015/6/2,71.35 ,14.9 
2015/6/3,71.35 ,15.5 
2015/6/4,70.65 ,15.6 
2015/6/5,70.60 ,16.0 
2015/6/6,70.70 ,17.0 
2015/6/7,71.55 ,16.0 
2015/6/8,71.60 ,16.4 
2015/6/9,70.60 ,15.8 
2015/6/10,70.65 ,16.3 
2015/6/11,69.90 ,15.6 
2015/6/12,70.50 ,15.6 
2015/6/13,70.60 ,15.5 
2015/6/14,71.55 ,16.5 
2015/6/15,72.50 ,16.5 
2015/6/16,71.00 ,15.8 
2015/6/17,71.00 ,16.5 
2015/6/18,71.20 ,16.6 
2015/6/19,71.15 ,16.2 
2015/6/20,71.20 ,16.5 
2015/6/21,72.05 ,16.8 
2015/6/22,72.40 ,16.8 
2015/6/23,71.65 ,16.1 
2015/6/24,71.40 ,16.1 
2015/6/25,71.70 ,16.0 
2015/6/26,71.70 ,16.4 
2015/6/27,71.60 ,17.1 
2015/6/28,71.75 ,17.0 
2015/6/29,71.50 ,16.4 
2015/6/30,72.25 ,16.8 
2015/7/1,71.35 ,16.7 
2015/7/2,71.85 ,16.2 
2015/7/3,71.70 ,16.7 
2015/7/4,71.00 ,16.1 
2015/7/5,72.50 ,17.1 
2015/7/6,72.40 ,16.9 
2015/7/7,71.45 ,16.5 
2015/7/8,71.65 ,16.3 
2015/7/9,71.60 ,16.1 
2015/7/10,71.80 ,16.5 
2015/7/11,71.50 ,16.4 
2015/7/12,72.50 ,16.7 
2015/7/13,72.00 ,16.5 
2015/7/14,72.00 ,15.7 
2015/7/15,72.10 ,16.1 
2015/7/16,72.25 ,16.1 
2015/7/17,72.50 ,16.9 
2015/7/18,71.70 ,16.8 
2015/7/19,71.80 ,16.7 
2015/7/20,72.30 ,16.0 
2015/7/21,72.60 ,17.0 
2015/7/22,73.25 ,17.0 
2015/7/23,72.90 ,17.9 
2015/7/24,72.60 ,17.2 
2015/7/25,71.85 ,17.1 
2015/7/26,,
2015/7/27,72.70 ,17.6 
2015/7/28,73.50 ,17.9 
2015/7/29,,
2015/7/30,73.20 ,17.8 
2015/7/31,72.30 ,17.0 
2015/8/1,72.15 ,16.0 
2015/8/2,72.75 ,17.0 
2015/8/3,72.90 ,17.1 
2015/8/4,73.30 ,17.1 
2015/8/5,,
2015/8/6,72.70 ,17.0 
2015/8/7,73.15 ,17.3 
2015/8/8,,
2015/8/9,,
2015/8/10,,
2015/8/11,,
2015/8/12,,
2015/8/13,,
2015/8/14,,
2015/8/15,,
2015/8/16,73.95 ,16.2 
2015/8/17,73.65 ,17.6 
2015/8/18,73.40 ,16.2 
2015/8/19,74.00 ,18.0 
2015/8/20,73.80 ,17.5 
2015/8/21,73.40 ,17.0 
2015/8/22,72.90 ,17.9 
2015/8/23,72.55 ,17.7 
2015/8/24,,
2015/8/25,73.20 ,18.1 
2015/8/26,,
2015/8/27,,
2015/8/28,,
2015/8/29,,
2015/8/30,74.45 ,17.6 
2015/8/31,73.35 ,17.9 
2015/9/1,73.45 ,17.8 
2015/9/2,,
2015/9/3,,
2015/9/4,73.35 ,18.6 
2015/9/5,72.90 ,17.2 
2015/9/6,74.00 ,18.2 
2015/9/7,73.90 ,18.2 
2015/9/8,73.80 ,18.3 
2015/9/9,74.00 ,18.0 
2015/9/10,73.80 ,18.2 
2015/9/11,,
2015/9/12,,
2015/9/13,,
2015/9/14,,
2015/9/15,,
2015/9/16,,
2015/9/17,,
2015/9/18,,
2015/9/19,,
2015/9/20,,
2015/9/21,,
2015/9/22,,
2015/9/23,75.20 ,17.0 
2015/9/24,75.90 ,18.1 
2015/9/25,75.20 ,17.9 
2015/9/26,74.25 ,18.7 
2015/9/27,74.30 ,18.2 
2015/9/28,74.30 ,17.3 
2015/9/29,74.00 ,17.8 
2015/9/30,73.65 ,16.9 
2015/10/1,73.25 ,17.8 
2015/10/2,73.20 ,17.6 
2015/10/3,73.60 ,17.6 
2015/10/4,73.40 ,17.1 
2015/10/5,74.40 ,18.3 
2015/10/6,74.25 ,18.0 
2015/10/7,73.65 ,18.0 
2015/10/8,73.00 ,18.4 
2015/10/9,,
2015/10/10,,
2015/10/11,,
2015/10/12,,
2015/10/13,74.10 ,17.5 
2015/10/14,73.60 ,17.5 
2015/10/15,73.60 ,16.7 
2015/10/16,74.00 ,18.0 
2015/10/17,74.30 ,18.0 
2015/10/18,,
2015/10/19,75.20 ,18.1 
2015/10/20,74.25 ,17.7 
2015/10/21,74.40 ,17.9 
2015/10/22,74.30 ,17.8 
2015/10/23,73.70 ,17.9 
2015/10/24,73.85 ,17.5 
2015/10/25,75.10 ,17.7 
2015/10/26,75.00 ,18.2 
2015/10/27,74.65 ,18.1 
2015/10/28,75.00 ,17.8 
2015/10/29,74.80 ,18.4 
2015/10/30,74.15 ,18.2 
2015/10/31,,
2015/11/1,74.70 ,18.4 
2015/11/2,74.15 ,18.2 
2015/11/3,73.90 ,16.9 
2015/11/4,74.80 ,18.0 
2015/11/5,73.90 ,17.4 
2015/11/6,74.05 ,17.6 
2015/11/7,74.30 ,18.4 
2015/11/8,74.55 ,18.0 
2015/11/9,75.30 ,18.4 
2015/11/10,73.45 ,17.2 
2015/11/11,73.65 ,17.8 
2015/11/12,73.85 ,18.4 
2015/11/13,73.65 ,17.9 
2015/11/14,72.85 ,17.2 
2015/11/15,73.75 ,17.8 
2015/11/16,73.30 ,17.3 
2015/11/17,73.05 ,17.8 
2015/11/18,73.70 ,17.4 
2015/11/19,72.65 ,17.9 
2015/11/20,72.90 ,17.6 
2015/11/21,72.70 ,17.8 
2015/11/22,,
2015/11/23,,
2015/11/24,74.45 ,16.6 
2015/11/25,73.80 ,18.0 
2015/11/26,73.55 ,17.8 
2015/11/27,72.50 ,16.8 
2015/11/28,72.05 ,15.6 
2015/11/29,72.80 ,17.2 
2015/11/30,73.85 ,18.2 
2015/12/1,73.30 ,16.9 
2015/12/2,72.90 ,17.2 
2015/12/3,73.00 ,17.8 
2015/12/4,72.90 ,18.2 
2015/12/5,72.15 ,16.1 
2015/12/6,,
2015/12/7,73.40 ,17.0 
2015/12/8,74.00 ,16.7 
2015/12/9,73.45 ,16.6 
2015/12/10,72.75 ,17.0 
2015/12/11,,
2015/12/12,72.90 ,16.9 
2015/12/13,,
2015/12/14,73.70 ,15.9 
2015/12/15,73.80 ,18.0 
2015/12/16,73.60 ,18.0 
2015/12/17,73.35 ,17.3 
2015/12/18,73.30 ,17.3 
2015/12/19,,
2015/12/20,74.20 ,18.0 
2015/12/21,74.15 ,17.1 
2015/12/22,72.65 ,16.7 
2015/12/23,73.30 ,17.3 
2015/12/24,73.10 ,17.4 
2015/12/25,73.45 ,17.1 
2015/12/26,73.50 ,18.1 
2015/12/27,72.20 ,16.2 
2015/12/28,73.05 ,16.3 
2015/12/29,73.85 ,17.5 
2015/12/30,74.20 ,18.2 
2015/12/31,73.25 ,16.9 
2014/1/1,74.7 ,
2014/1/2,74.3 ,
2014/1/3,74.6 ,
2014/1/4,74.2 ,
2014/1/5,74.0 ,
2014/1/6,74.8 ,
2014/1/7,74.7 ,
2014/1/8,74.5 ,
2014/1/9,74.2 ,
2014/1/10,74.6 ,
2014/1/11,73.6 ,
2014/1/12,73.2 ,
2014/1/13,73.4 ,
2014/1/14,73.3 ,
2014/1/15,73.5 ,
2014/1/16,73.8 ,
2014/1/17,73.5 ,
2014/1/18,72.2 ,
2014/1/19,72.5 ,
2014/1/20,73.9 ,
2014/1/21,74.5 ,
2014/1/22,73.5 ,
2014/1/23,73.4 ,
2014/1/24,72.8 ,
2014/1/25,72.7 ,
2014/1/26,73.2 ,
2014/1/27,73.8 ,
2014/1/28,73.4 ,
2014/1/29,,
2014/1/30,73.5 ,
2014/1/31,72.9 ,
2014/2/1,,
2014/2/2,73.0 ,
2014/2/3,73.8 ,
2014/2/4,72.7 ,
2014/2/5,72.7 ,
2014/2/6,73.3 ,
2014/2/7,,
2014/2/8,72.6 ,
2014/2/9,73.5 ,
2014/2/10,73.2 ,
2014/2/11,72.7 ,
2014/2/12,73.1 ,
2014/2/13,73.1 ,
2014/2/14,72.8 ,
2014/2/15,72.8 ,
2014/2/16,72.5 ,
2014/2/17,73.0 ,
2014/2/18,72.2 ,
2014/2/19,72.6 ,
2014/2/20,72.6 ,
2014/2/21,72.1 ,
2014/2/22,72.7 ,
2014/2/23,73.5 ,
2014/2/24,73.2 ,
2014/2/25,72.5 ,
2014/2/26,72.5 ,
2014/2/27,72.6 ,
2014/2/28,73.0 ,
2014/3/1,72.4 ,
2014/3/2,72.6 ,
2014/3/3,72.3 ,
2014/3/4,71.3 ,
2014/3/5,71.9 ,
2014/3/6,72.5 ,
2014/3/7,72.3 ,
2014/3/8,72.6 ,
2014/3/9,71.9 ,
2014/3/10,72.7 ,
2014/3/11,71.8 ,
2014/3/12,72.1 ,
2014/3/13,72.2 ,
2014/3/14,72.5 ,
2014/3/15,,
2014/3/16,,
2014/3/17,72.6 ,
2014/3/18,72.9 ,
2014/3/19,73.1 ,
2014/3/20,73.1 ,
2014/3/21,72.0 ,
2014/3/22,,
2014/3/23,,
2014/3/24,73.3 ,
2014/3/25,72.5 ,
2014/3/26,,
2014/3/27,72.4 ,
2014/3/28,,
2014/3/29,,
2014/3/30,,
2014/3/31,,
2014/4/1,73.3 ,
2014/4/2,72.8 ,
2014/4/3,72.1 ,
2014/4/4,71.8 ,
2014/4/5,,
2014/4/6,,
2014/4/7,74.0 ,
2014/4/8,72.9 ,
2014/4/9,72.0 ,
2014/4/10,72.1 ,
2014/4/11,72.7 ,
2014/4/12,72.4 ,
2014/4/13,,
2014/4/14,73.4 ,
2014/4/15,72.4 ,
2014/4/16,72.3 ,
2014/4/17,72.5 ,
2014/4/18,,
2014/4/19,73.1 ,
2014/4/20,73.3 ,
2014/4/21,73.8 ,
2014/4/22,73.0 ,
2014/4/23,72.8 ,
2014/4/24,72.6 ,
2014/4/25,72.2 ,
2014/4/26,72.9 ,
2014/4/27,,
2014/4/28,,
2014/4/29,,
2014/4/30,,
2014/5/1,,
2014/5/2,,
2014/5/3,74.9 ,
2014/5/4,74.2 ,
2014/5/5,74.6 ,
2014/5/6,74.7 ,
2014/5/7,75.9 ,
2014/5/8,74.1 ,
2014/5/9,,
2014/5/10,74.2 ,
2014/5/11,,
2014/5/12,74.7 ,
2014/5/13,73.6 ,
2014/5/14,73.8 ,
2014/5/15,73.7 ,
2014/5/16,73.7 ,
2014/5/17,,
2014/5/18,73.9 ,
2014/5/19,73.7 ,
2014/5/20,73.7 ,
2014/5/21,73.4 ,
2014/5/22,73.1 ,
2014/5/23,72.8 ,
2014/5/24,72.5 ,
2014/5/25,73.1 ,
2014/5/26,73.9 ,
2014/5/27,73.3 ,
2014/5/28,73.0 ,
2014/5/29,73.2 ,
2014/5/30,73.6 ,
2014/5/31,73.1 ,
2014/6/1,72.6 ,
2014/6/2,73.1 ,
2014/6/3,74.0 ,
2014/6/4,73.0 ,
2014/6/5,72.8 ,
2014/6/6,72.7 ,
2014/6/7,72.5 ,
2014/6/8,72.7 ,
2014/6/9,72.9 ,
2014/6/10,72.9 ,
2014/6/11,72.6 ,
2014/6/12,72.9 ,
2014/6/13,72.0 ,
2014/6/14,72.1 ,
2014/6/15,72.4 ,
2014/6/16,71.9 ,
2014/6/17,72.3 ,
2014/6/18,71.7 ,
2014/6/19,71.9 ,
2014/6/20,71.1 ,
2014/6/21,71.3 ,
2014/6/22,71.9 ,
2014/6/23,72.2 ,
2014/6/24,72.3 ,
2014/6/25,71.5 ,
2014/6/26,71.2 ,
2014/6/27,71.4 ,
2014/6/28,71.4 ,
2014/6/29,,
2014/6/30,72.5 ,
2014/7/1,72.2 ,
2014/7/2,71.7 ,
2014/7/3,72.1 ,
2014/7/4,71.9 ,
2014/7/5,71.1 ,
2014/7/6,70.9 ,
2014/7/7,71.4 ,
2014/7/8,71.4 ,
2014/7/9,71.0 ,
2014/7/10,71.4 ,
2014/7/11,71.6 ,
2014/7/12,71.2 ,
2014/7/13,71.2 ,
2014/7/14,71.8 ,
2014/7/15,72.5 ,
2014/7/16,70.4 ,
2014/7/17,71.0 ,
2014/7/18,71.3 ,
2014/7/19,70.3 ,
2014/7/20,69.9 ,
2014/7/21,70.9 ,
2014/7/22,71.1 ,
2014/7/23,,
2014/7/24,71.1 ,
2014/7/25,70.9 ,
2014/7/26,72.1 ,
2014/7/27,70.8 ,
2014/7/28,72.2 ,
2014/7/29,71.8 ,
2014/7/30,70.6 ,
2014/7/31,71.1 ,
2014/8/1,71.2 ,
2014/8/2,,
2014/8/3,,
2014/8/4,72.4 ,
2014/8/5,70.5 ,
2014/8/6,71.2 ,
2014/8/7,69.8 ,
2014/8/8,71.6 ,
2014/8/9,71.1 ,
2014/8/10,71.2 ,
2014/8/11,71.6 ,
2014/8/12,71.4 ,
2014/8/13,,
2014/8/14,,
2014/8/15,,
2014/8/16,,
2014/8/17,,
2014/8/18,72.1 ,
2014/8/19,71.9 ,
2014/8/20,71.9 ,
2014/8/21,71.8 ,
2014/8/22,70.6 ,
2014/8/23,,
2014/8/24,,
2014/8/25,72.4 ,
2014/8/26,72.1 ,
2014/8/27,71.7 ,
2014/8/28,71.8 ,
2014/8/29,,
2014/8/30,,
2014/8/31,,
2014/9/1,,
2014/9/2,,
2014/9/3,,
2014/9/4,,
2014/9/5,,
2014/9/6,,
2014/9/7,,
2014/9/8,,
2014/9/9,,
2014/9/10,,
2014/9/11,70.5 ,
2014/9/12,,
2014/9/13,,
2014/9/14,,
2014/9/15,,
2014/9/16,,
2014/9/17,,
2014/9/18,,
2014/9/19,,
2014/9/20,,
2014/9/21,,
2014/9/22,,
2014/9/23,,
2014/9/24,,
2014/9/25,,
2014/9/26,,
2014/9/27,,
2014/9/28,,
2014/9/29,,
2014/9/30,,
2014/10/1,,
2014/10/2,,
2014/10/3,,
2014/10/4,,
2014/10/5,73.1 ,
2014/10/6,71.8 ,17.4 
2014/10/7,71.5 ,17.8 
2014/10/8,71.5 ,17.4 
2014/10/9,71.4 ,17.2 
2014/10/10,71.8 ,
2014/10/11,,
2014/10/12,,
2014/10/13,,
2014/10/14,,
2014/10/15,,
2014/10/16,,
2014/10/17,72.4 ,
2014/10/18,,
2014/10/19,70.9 ,
2014/10/20,72.9 ,16.9 
2014/10/21,72.8 ,16.8 
2014/10/22,72.1 ,16.7 
2014/10/23,71.7 ,16.7 
2014/10/24,,
2014/10/25,,
2014/10/26,,
2014/10/27,72.9 ,17.9 
2014/10/28,72.7 ,17.8 
2014/10/29,72.9 ,18.1 
2014/10/30,72.1 ,16.9 
2014/10/31,,
2014/11/1,,
2014/11/2,,
2014/11/3,,
2014/11/4,72.6 ,18.1 
2014/11/5,72.5 ,17.7 
2014/11/6,,
2014/11/7,,
2014/11/8,,
2014/11/9,,
2014/11/10,,
2014/11/11,,
2014/11/12,,
2014/11/13,,
2014/11/14,,
2014/11/15,,
2014/11/16,,
2014/11/17,,
2014/11/18,,
2014/11/19,,
2014/11/20,,
2014/11/21,,
2014/11/22,,
2014/11/23,,
2014/11/24,,
2014/11/25,,
2014/11/26,,
2014/11/27,,
2014/11/28,,
2014/11/29,,
2014/11/30,,
2014/12/1,,
2014/12/2,,
2014/12/3,,
2014/12/4,,
2014/12/5,72.8 ,18.8 
2014/12/6,72.8 ,18.1 
2014/12/7,73.0 ,19.1 
2014/12/8,72.7 ,18.0 
2014/12/9,73.0 ,17.8 
2014/12/10,73.1 ,17.9 
2014/12/11,73.1 ,18.5 
2014/12/12,73.0 ,17.8 
2014/12/13,,
2014/12/14,,
2014/12/15,72.4 ,16.9 
2014/12/16,72.8 ,16.8 
2014/12/17,72.6 ,17.0 
2014/12/18,72.2 ,16.5 
2014/12/19,,
2014/12/20,,
2014/12/21,,
2014/12/22,73.5 ,17.8 
2014/12/23,72.7 ,18.0 
2014/12/24,73.7 ,18.7 
2014/12/25,73.6 ,17.8 
2014/12/26,73.3 ,17.7 
2014/12/27,72.8 ,17.6 
2014/12/28,,
2014/12/29,,
2014/12/30,74.0 ,17.2 
2014/12/31,73.2 ,17.4 
